[2026-09-26 14:06:15.341] [10703] [HailoRT] [info] [vdevice.cpp:535] [create] Creating vdevice with params: device_count: 1, scheduling_algorithm: NONE, multi_process_service: false
[2026-09-26 14:06:15.353] [10703] [HailoRT] [info] [device.cpp:51] [Device] OS Version: Linux 6.18.50+rpt-rpi-2712 #1 SMP PREEMPT Debian 1:6.18.50-1+rpt1 (2026-09-11) aarch64
[2026-09-26 14:06:15.353] [10703] [HailoRT] [info] [control.cpp:113] [control__parse_identify_results] firmware_version is: 4.23.0
[2026-09-26 14:06:15.353] [10703] [HailoRT] [info] [vdevice.cpp:682] [create] VDevice Infos: 0001:01:00.0
[2026-09-26 14:06:15.353] [10703] [HailoRT] [warning] [device_internal.cpp:616] [check_hef_is_compatible] HEF was compiled for Hailo8L device, while the device itself is Hailo8. This will result in lower performance.
[2026-09-26 14:06:15.354] [10703] [HailoRT] [warning] [device_internal.cpp:616] [check_hef_is_compatible] HEF was compiled for Hailo8L device, while the device itself is Hailo8. This will result in lower performance.
[2026-09-26 14:06:15.365] [10703] [HailoRT] [info] [internal_buffer_manager.cpp:77] [print_execution_results] Planned internal buffer memory: CMA=0 CMA-Desc=655360 Pinned=2053120. memory to edge layer usage factor is 1
[2026-09-26 14:06:15.365] [10703] [HailoRT] [info] [internal_buffer_manager.cpp:86] [print_execution_results] Default Internal buffer planner executed successfully
[2026-09-26 14:06:15.392] [10703] [HailoRT] [info] [device_internal.cpp:57] [configure] Configuring HEF took 38.316689 milliseconds
[2026-09-26 14:06:15.392] [10703] [HailoRT] [info] [vdevice.cpp:780] [configure] Configuring HEF on VDevice took 38.755965 milliseconds
[2026-09-26 14:06:15.392] [10703] [HailoRT] [info] [hef.cpp:1994] [get_network_group_and_network_name] No name was given. Addressing all networks of default network_group: best
[2026-09-26 14:06:15.392] [10703] [HailoRT] [info] [edge_elements.cpp:52] [create] Created (HwWriteEl3best/input_layer1 | hw_frame_size: 1228800)
[2026-09-26 14:06:15.392] [10703] [HailoRT] [info] [queue_elements.cpp:284] [create] Created (PushQEl3best/input_layer1 | timeout: 10s)
[2026-09-26 14:06:15.392] [10703] [HailoRT] [info] [filter_elements.cpp:101] [create] Created (PreInferEl3best/input_layer1 | Reorder - src_order: NHWC, src_shape: (640, 640, 3), dst_order: NHCW, dst_shape: (640, 640, 3))
[2026-09-26 14:06:15.392] [10703] [HailoRT] [info] [vstream.cpp:754] [InputVStreamImpl] Creating best/input_layer1...
[2026-09-26 14:06:15.392] [10703] [HailoRT] [info] [vstream_builder.cpp:102] [create_inputs] Input pipeline 'best/input_layer1': (PreInferEl3best/input_layer1 | Reorder - src_order: NHWC, src_shape: (640, 640, 3), dst_order: NHCW, dst_shape: (640, 640, 3)) >> (PushQEl3best/input_layer1 | timeout: 10s) >> (HwWriteEl3best/input_layer1 | hw_frame_size: 1228800) >> HW
[2026-09-26 14:06:15.393] [10703] [HailoRT] [info] [multi_io_elements.cpp:135] [create] Created (NmsPPMuxEl0YOLOV8-Post-Process | Op YOLOV8, Name: YOLOV8-Post-Process, Score threshold: 0.250, IoU threshold: 0.70, Classes: 2, Max bboxes per class: 100, Image height: 640, Image width: 640)
[2026-09-26 14:06:15.393] [10703] [HailoRT] [info] [edge_elements.cpp:287] [create] Created (HwReadEl0best/conv41_97 | hw_frame_size: 409600)
[2026-09-26 14:06:15.393] [10703] [HailoRT] [info] [queue_elements.cpp:657] [create] Created (PullQEl_nms0best/conv41_97 | timeout: 10s)
[2026-09-26 14:06:15.393] [10703] [HailoRT] [info] [edge_elements.cpp:287] [create] Created (HwReadEl3best/conv42_97 | hw_frame_size: 12800)
[2026-09-26 14:06:15.393] [10703] [HailoRT] [info] [queue_elements.cpp:657] [create] Created (PullQEl_nms3best/conv42_97 | timeout: 10s)
[2026-09-26 14:06:15.393] [10703] [HailoRT] [info] [edge_elements.cpp:287] [create] Created (HwReadEl2best/conv52_97 | hw_frame_size: 102400)
[2026-09-26 14:06:15.393] [10703] [HailoRT] [info] [queue_elements.cpp:657] [create] Created (PullQEl_nms2best/conv52_97 | timeout: 10s)
[2026-09-26 14:06:15.393] [10703] [HailoRT] [info] [edge_elements.cpp:287] [create] Created (HwReadEl1best/conv53_97 | hw_frame_size: 3200)
[2026-09-26 14:06:15.393] [10703] [HailoRT] [info] [queue_elements.cpp:657] [create] Created (PullQEl_nms1best/conv53_97 | timeout: 10s)
[2026-09-26 14:06:15.393] [10703] [HailoRT] [info] [edge_elements.cpp:287] [create] Created (HwReadEl8best/conv62_97 | hw_frame_size: 30720)
[2026-09-26 14:06:15.393] [10703] [HailoRT] [info] [queue_elements.cpp:657] [create] Created (PullQEl_nms8best/conv62_97 | timeout: 10s)
[2026-09-26 14:06:15.393] [10703] [HailoRT] [info] [edge_elements.cpp:287] [create] Created (HwReadEl5best/conv63_97 | hw_frame_size: 960)
[2026-09-26 14:06:15.393] [10703] [HailoRT] [info] [queue_elements.cpp:657] [create] Created (PullQEl_nms5best/conv63_97 | timeout: 10s)
[2026-09-26 14:06:15.393] [10703] [HailoRT] [info] [queue_elements.cpp:800] [create] Created (UserBufQEl_post_infer0best/yolov8_nms_postprocess | timeout: 10s)
[2026-09-26 14:06:15.394] [10703] [HailoRT] [info] [vstream.cpp:1114] [OutputVStreamImpl] Creating best/yolov8_nms_postprocess...
[2026-09-26 14:06:15.394] [10703] [HailoRT] [info] [vstream_builder.cpp:622] [create_output_post_process_nms] Output pipeline 'best/yolov8_nms_postprocess': HW >> (HwReadEl0best/conv41_97 | hw_frame_size: 409600) >> (PullQEl_nms0best/conv41_97) >> (HwReadEl3best/conv42_97 | hw_frame_size: 12800) >> (PullQEl_nms3best/conv42_97) >> (HwReadEl2best/conv52_97 | hw_frame_size: 102400) >> (PullQEl_nms2best/conv52_97) >> (HwReadEl1best/conv53_97 | hw_frame_size: 3200) >> (PullQEl_nms1best/conv53_97) >> (HwReadEl8best/conv62_97 | hw_frame_size: 30720) >> (PullQEl_nms8best/conv62_97) >> (HwReadEl5best/conv63_97 | hw_frame_size: 960) >> (PullQEl_nms5best/conv63_97) >> (NmsPPMuxEl0YOLOV8-Post-Process | Op YOLOV8, Name: YOLOV8-Post-Process, Score threshold: 0.250, IoU threshold: 0.70, Classes: 2, Max bboxes per class: 100, Image height: 640, Image width: 640) >> (UserBufQEl_post_infer0best/yolov8_nms_postprocess | timeout: 10s)
[2026-09-26 14:06:15.394] [10703] [HailoRT] [info] [core_op.cpp:156] [activate] Activating best took 0.650598 milliseconds. Note that the function is asynchronous and thus the network is not fully activated yet.
[2026-09-26 14:06:15.394] [10703] [HailoRT] [info] [core_op.cpp:156] [activate] Activating best took 0.678505 milliseconds. Note that the function is asynchronous and thus the network is not fully activated yet.
[2026-09-26 14:06:22.092] [10721] [HailoRT] [info] [vdevice_native_stream.cpp:331] [read_impl] Failed read from stream HAILO_STREAM_NOT_ACTIVATED(72) (device: 0001:01:00.0)
[2026-09-26 14:06:22.092] [10725] [HailoRT] [info] [vdevice_native_stream.cpp:331] [read_impl] Failed read from stream HAILO_STREAM_NOT_ACTIVATED(72) (device: 0001:01:00.0)
[2026-09-26 14:06:22.092] [10723] [HailoRT] [info] [vdevice_native_stream.cpp:331] [read_impl] Failed read from stream HAILO_STREAM_NOT_ACTIVATED(72) (device: 0001:01:00.0)
[2026-09-26 14:06:22.092] [10720] [HailoRT] [info] [vdevice_native_stream.cpp:331] [read_impl] Failed read from stream HAILO_STREAM_NOT_ACTIVATED(72) (device: 0001:01:00.0)
[2026-09-26 14:06:22.092] [10724] [HailoRT] [info] [vdevice_native_stream.cpp:331] [read_impl] Failed read from stream HAILO_STREAM_NOT_ACTIVATED(72) (device: 0001:01:00.0)
[2026-09-26 14:06:22.092] [10722] [HailoRT] [info] [vdevice_native_stream.cpp:331] [read_impl] Failed read from stream HAILO_STREAM_NOT_ACTIVATED(72) (device: 0001:01:00.0)
[2026-09-26 14:06:22.092] [10703] [HailoRT] [info] [core_op.cpp:186] [deactivate] Deactivating took 0.488976 ms
[2026-09-26 14:06:22.092] [10703] [HailoRT] [info] [core_op.cpp:186] [deactivate] Deactivating took 0.504698 ms
[2026-09-26 14:06:22.092] [10721] [HailoRT] [info] [queue_elements.cpp:734] [run_in_thread] Shutdown event was signaled in run_pull of queue element PullQEl_nms3best/conv42_97!
[2026-09-26 14:06:22.092] [10723] [HailoRT] [info] [queue_elements.cpp:734] [run_in_thread] Shutdown event was signaled in run_pull of queue element PullQEl_nms1best/conv53_97!
[2026-09-26 14:06:22.092] [10724] [HailoRT] [info] [queue_elements.cpp:734] [run_in_thread] Shutdown event was signaled in run_pull of queue element PullQEl_nms8best/conv62_97!
[2026-09-26 14:06:22.092] [10720] [HailoRT] [info] [queue_elements.cpp:734] [run_in_thread] Shutdown event was signaled in run_pull of queue element PullQEl_nms0best/conv41_97!
[2026-09-26 14:06:22.092] [10722] [HailoRT] [info] [queue_elements.cpp:734] [run_in_thread] Shutdown event was signaled in run_pull of queue element PullQEl_nms2best/conv52_97!
[2026-09-26 14:06:22.092] [10725] [HailoRT] [info] [queue_elements.cpp:734] [run_in_thread] Shutdown event was signaled in run_pull of queue element PullQEl_nms5best/conv63_97!
[2026-09-26 14:06:22.092] [10726] [HailoRT] [info] [queue_elements.cpp:68] [operator()] Thread in element UserBufQEl_post_infer0best/yolov8_nms_postprocess is not running anymore, exiting..
[2026-09-26 14:06:22.092] [10703] [HailoRT] [info] [queue_elements.cpp:46] [~BaseQueueElement] Queue element UserBufQEl_post_infer0best/yolov8_nms_postprocess has 0 frames in his Queue on destruction
[2026-09-26 14:06:22.092] [10725] [HailoRT] [info] [queue_elements.cpp:68] [operator()] Thread in element PullQEl_nms5best/conv63_97 is not running anymore, exiting..
[2026-09-26 14:06:22.092] [10703] [HailoRT] [info] [queue_elements.cpp:46] [~BaseQueueElement] Queue element PullQEl_nms5best/conv63_97 has 0 frames in his Queue on destruction
[2026-09-26 14:06:22.092] [10724] [HailoRT] [info] [queue_elements.cpp:68] [operator()] Thread in element PullQEl_nms8best/conv62_97 is not running anymore, exiting..
[2026-09-26 14:06:22.092] [10703] [HailoRT] [info] [queue_elements.cpp:46] [~BaseQueueElement] Queue element PullQEl_nms8best/conv62_97 has 0 frames in his Queue on destruction
[2026-09-26 14:06:22.092] [10723] [HailoRT] [info] [queue_elements.cpp:68] [operator()] Thread in element PullQEl_nms1best/conv53_97 is not running anymore, exiting..
[2026-09-26 14:06:22.092] [10703] [HailoRT] [info] [queue_elements.cpp:46] [~BaseQueueElement] Queue element PullQEl_nms1best/conv53_97 has 0 frames in his Queue on destruction
[2026-09-26 14:06:22.092] [10722] [HailoRT] [info] [queue_elements.cpp:68] [operator()] Thread in element PullQEl_nms2best/conv52_97 is not running anymore, exiting..
[2026-09-26 14:06:22.093] [10703] [HailoRT] [info] [queue_elements.cpp:46] [~BaseQueueElement] Queue element PullQEl_nms2best/conv52_97 has 0 frames in his Queue on destruction
[2026-09-26 14:06:22.093] [10721] [HailoRT] [info] [queue_elements.cpp:68] [operator()] Thread in element PullQEl_nms3best/conv42_97 is not running anymore, exiting..
[2026-09-26 14:06:22.093] [10703] [HailoRT] [info] [queue_elements.cpp:46] [~BaseQueueElement] Queue element PullQEl_nms3best/conv42_97 has 0 frames in his Queue on destruction
[2026-09-26 14:06:22.093] [10720] [HailoRT] [info] [queue_elements.cpp:68] [operator()] Thread in element PullQEl_nms0best/conv41_97 is not running anymore, exiting..
[2026-09-26 14:06:22.093] [10703] [HailoRT] [info] [queue_elements.cpp:46] [~BaseQueueElement] Queue element PullQEl_nms0best/conv41_97 has 0 frames in his Queue on destruction
[2026-09-26 14:06:22.093] [10719] [HailoRT] [info] [queue_elements.cpp:68] [operator()] Thread in element PushQEl3best/input_layer1 is not running anymore, exiting..
[2026-09-26 14:06:22.093] [10703] [HailoRT] [info] [queue_elements.cpp:46] [~BaseQueueElement] Queue element PushQEl3best/input_layer1 has 0 frames in his Queue on destruction
[2026-09-26 14:09:19.558] [11180] [HailoRT] [info] [vdevice.cpp:535] [create] Creating vdevice with params: device_count: 1, scheduling_algorithm: NONE, multi_process_service: false
[2026-09-26 14:09:19.569] [11180] [HailoRT] [info] [device.cpp:51] [Device] OS Version: Linux 6.18.50+rpt-rpi-2712 #1 SMP PREEMPT Debian 1:6.18.50-1+rpt1 (2026-09-11) aarch64
[2026-09-26 14:09:19.569] [11180] [HailoRT] [info] [control.cpp:113] [control__parse_identify_results] firmware_version is: 4.23.0
[2026-09-26 14:09:19.569] [11180] [HailoRT] [info] [vdevice.cpp:682] [create] VDevice Infos: 0001:01:00.0
[2026-09-26 14:09:19.569] [11180] [HailoRT] [warning] [device_internal.cpp:616] [check_hef_is_compatible] HEF was compiled for Hailo8L device, while the device itself is Hailo8. This will result in lower performance.
[2026-09-26 14:09:19.569] [11180] [HailoRT] [warning] [device_internal.cpp:616] [check_hef_is_compatible] HEF was compiled for Hailo8L device, while the device itself is Hailo8. This will result in lower performance.
[2026-09-26 14:09:19.582] [11180] [HailoRT] [info] [internal_buffer_manager.cpp:77] [print_execution_results] Planned internal buffer memory: CMA=0 CMA-Desc=655360 Pinned=2053120. memory to edge layer usage factor is 1
[2026-09-26 14:09:19.582] [11180] [HailoRT] [info] [internal_buffer_manager.cpp:86] [print_execution_results] Default Internal buffer planner executed successfully
[2026-09-26 14:09:19.614] [11180] [HailoRT] [info] [device_internal.cpp:57] [configure] Configuring HEF took 44.604296 milliseconds
[2026-09-26 14:09:19.614] [11180] [HailoRT] [info] [vdevice.cpp:780] [configure] Configuring HEF on VDevice took 45.015699 milliseconds
[2026-09-26 14:09:19.614] [11180] [HailoRT] [info] [hef.cpp:1994] [get_network_group_and_network_name] No name was given. Addressing all networks of default network_group: best
[2026-09-26 14:09:19.614] [11180] [HailoRT] [info] [edge_elements.cpp:52] [create] Created (HwWriteEl3best/input_layer1 | hw_frame_size: 1228800)
[2026-09-26 14:09:19.615] [11180] [HailoRT] [info] [queue_elements.cpp:284] [create] Created (PushQEl3best/input_layer1 | timeout: 10s)
[2026-09-26 14:09:19.615] [11180] [HailoRT] [info] [filter_elements.cpp:101] [create] Created (PreInferEl3best/input_layer1 | Reorder - src_order: NHWC, src_shape: (640, 640, 3), dst_order: NHCW, dst_shape: (640, 640, 3))
[2026-09-26 14:09:19.615] [11180] [HailoRT] [info] [vstream.cpp:754] [InputVStreamImpl] Creating best/input_layer1...
[2026-09-26 14:09:19.615] [11180] [HailoRT] [info] [vstream_builder.cpp:102] [create_inputs] Input pipeline 'best/input_layer1': (PreInferEl3best/input_layer1 | Reorder - src_order: NHWC, src_shape: (640, 640, 3), dst_order: NHCW, dst_shape: (640, 640, 3)) >> (PushQEl3best/input_layer1 | timeout: 10s) >> (HwWriteEl3best/input_layer1 | hw_frame_size: 1228800) >> HW
[2026-09-26 14:09:19.615] [11180] [HailoRT] [info] [multi_io_elements.cpp:135] [create] Created (NmsPPMuxEl0YOLOV8-Post-Process | Op YOLOV8, Name: YOLOV8-Post-Process, Score threshold: 0.250, IoU threshold: 0.70, Classes: 2, Max bboxes per class: 100, Image height: 640, Image width: 640)
[2026-09-26 14:09:19.615] [11180] [HailoRT] [info] [edge_elements.cpp:287] [create] Created (HwReadEl0best/conv41_97 | hw_frame_size: 409600)
[2026-09-26 14:09:19.615] [11180] [HailoRT] [info] [queue_elements.cpp:657] [create] Created (PullQEl_nms0best/conv41_97 | timeout: 10s)
[2026-09-26 14:09:19.615] [11180] [HailoRT] [info] [edge_elements.cpp:287] [create] Created (HwReadEl3best/conv42_97 | hw_frame_size: 12800)
[2026-09-26 14:09:19.615] [11180] [HailoRT] [info] [queue_elements.cpp:657] [create] Created (PullQEl_nms3best/conv42_97 | timeout: 10s)
[2026-09-26 14:09:19.615] [11180] [HailoRT] [info] [edge_elements.cpp:287] [create] Created (HwReadEl2best/conv52_97 | hw_frame_size: 102400)
[2026-09-26 14:09:19.616] [11180] [HailoRT] [info] [queue_elements.cpp:657] [create] Created (PullQEl_nms2best/conv52_97 | timeout: 10s)
[2026-09-26 14:09:19.616] [11180] [HailoRT] [info] [edge_elements.cpp:287] [create] Created (HwReadEl1best/conv53_97 | hw_frame_size: 3200)
[2026-09-26 14:09:19.617] [11180] [HailoRT] [info] [queue_elements.cpp:657] [create] Created (PullQEl_nms1best/conv53_97 | timeout: 10s)
[2026-09-26 14:09:19.617] [11180] [HailoRT] [info] [edge_elements.cpp:287] [create] Created (HwReadEl8best/conv62_97 | hw_frame_size: 30720)
[2026-09-26 14:09:19.617] [11180] [HailoRT] [info] [queue_elements.cpp:657] [create] Created (PullQEl_nms8best/conv62_97 | timeout: 10s)
[2026-09-26 14:09:19.617] [11180] [HailoRT] [info] [edge_elements.cpp:287] [create] Created (HwReadEl5best/conv63_97 | hw_frame_size: 960)
[2026-09-26 14:09:19.617] [11180] [HailoRT] [info] [queue_elements.cpp:657] [create] Created (PullQEl_nms5best/conv63_97 | timeout: 10s)
[2026-09-26 14:09:19.618] [11180] [HailoRT] [info] [queue_elements.cpp:800] [create] Created (UserBufQEl_post_infer0best/yolov8_nms_postprocess | timeout: 10s)
[2026-09-26 14:09:19.618] [11180] [HailoRT] [info] [vstream.cpp:1114] [OutputVStreamImpl] Creating best/yolov8_nms_postprocess...
[2026-09-26 14:09:19.618] [11180][2026-09-26 14:11:44.088] [11241] [HailoRT] [info] [vdevice.cpp:535] [create] Creating vdevice with params: device_count: 1, scheduling_algorithm: NONE, multi_process_service: false
[2026-09-26 14:11:44.100] [11241] [HailoRT] [info] [device.cpp:51] [Device] OS Version: Linux 6.18.50+rpt-rpi-2712 #1 SMP PREEMPT Debian 1:6.18.50-1+rpt1 (2026-09-11) aarch64
[2026-09-26 14:11:44.101] [11241] [HailoRT] [info] [control.cpp:113] [control__parse_identify_results] firmware_version is: 4.23.0
[2026-09-26 14:11:44.101] [11241] [HailoRT] [info] [vdevice.cpp:682] [create] VDevice Infos: 0001:01:00.0
[2026-09-26 14:11:44.101] [11241] [HailoRT] [warning] [device_internal.cpp:616] [check_hef_is_compatible] HEF was compiled for Hailo8L device, while the device itself is Hailo8. This will result in lower performance.
[2026-09-26 14:11:44.101] [11241] [HailoRT] [warning] [device_internal.cpp:616] [check_hef_is_compatible] HEF was compiled for Hailo8L device, while the device itself is Hailo8. This will result in lower performance.
[2026-09-26 14:11:44.111] [11241] [HailoRT] [info] [internal_buffer_manager.cpp:77] [print_execution_results] Planned internal buffer memory: CMA=0 CMA-Desc=655360 Pinned=2053120. memory to edge layer usage factor is 1
[2026-09-26 14:11:44.111] [11241] [HailoRT] [info] [internal_buffer_manager.cpp:86] [print_execution_results] Default Internal buffer planner executed successfully
[2026-09-26 14:11:44.136] [11241] [HailoRT] [info] [device_internal.cpp:57] [configure] Configuring HEF took 35.151 milliseconds
[2026-09-26 14:11:44.136] [11241] [HailoRT] [info] [vdevice.cpp:780] [configure] Configuring HEF on VDevice took 35.560625 milliseconds
[2026-09-26 14:11:44.136] [11241] [HailoRT] [info] [hef.cpp:1994] [get_network_group_and_network_name] No name was given. Addressing all networks of default network_group: best
[2026-09-26 14:11:44.137] [11241] [HailoRT] [info] [edge_elements.cpp:52] [create] Created (HwWriteEl3best/input_layer1 | hw_frame_size: 1228800)
[2026-09-26 14:11:44.137] [11241] [HailoRT] [info] [queue_elements.cpp:284] [create] Created (PushQEl3best/input_layer1 | timeout: 10s)
[2026-09-26 14:11:44.137] [11241] [HailoRT] [info] [filter_elements.cpp:101] [create] Created (PreInferEl3best/input_layer1 | Reorder - src_order: NHWC, src_shape: (640, 640, 3), dst_order: NHCW, dst_shape: (640, 640, 3))
[2026-09-26 14:11:44.137] [11241] [HailoRT] [info] [vstream.cpp:754] [InputVStreamImpl] Creating best/input_layer1...
[2026-09-26 14:11:44.137] [11241] [HailoRT] [info] [vstream_builder.cpp:102] [create_inputs] Input pipeline 'best/input_layer1': (PreInferEl3best/input_layer1 | Reorder - src_order: NHWC, src_shape: (640, 640, 3), dst_order: NHCW, dst_shape: (640, 640, 3)) >> (PushQEl3best/input_layer1 | timeout: 10s) >> (HwWriteEl3best/input_layer1 | hw_frame_size: 1228800) >> HW
[2026-09-26 14:11:44.137] [11241] [HailoRT] [info] [multi_io_elements.cpp:135] [create] Created (NmsPPMuxEl0YOLOV8-Post-Process | Op YOLOV8, Name: YOLOV8-Post-Process, Score threshold: 0.250, IoU threshold: 0.70, Classes: 2, Max bboxes per class: 100, Image height: 640, Image width: 640)
[2026-09-26 14:11:44.137] [11241] [HailoRT] [info] [edge_elements.cpp:287] [create] Created (HwReadEl0best/conv41_97 | hw_frame_size: 409600)
[2026-09-26 14:11:44.137] [11241] [HailoRT] [info] [queue_elements.cpp:657] [create] Created (PullQEl_nms0best/conv41_97 | timeout: 10s)
[2026-09-26 14:11:44.137] [11241] [HailoRT] [info] [edge_elements.cpp:287] [create] Created (HwReadEl3best/conv42_97 | hw_frame_size: 12800)
[2026-09-26 14:11:44.137] [11241] [HailoRT] [info] [queue_elements.cpp:657] [create] Created (PullQEl_nms3best/conv42_97 | timeout: 10s)
[2026-09-26 14:11:44.137] [11241] [HailoRT] [info] [edge_elements.cpp:287] [create] Created (HwReadEl2best/conv52_97 | hw_frame_size: 102400)
[2026-09-26 14:11:44.137] [11241] [HailoRT] [info] [queue_elements.cpp:657] [create] Created (PullQEl_nms2best/conv52_97 | timeout: 10s)
[2026-09-26 14:11:44.137] [11241] [HailoRT] [info] [edge_elements.cpp:287] [create] Created (HwReadEl1best/conv53_97 | hw_frame_size: 3200)
[2026-09-26 14:11:44.137] [11241] [HailoRT] [info] [queue_elements.cpp:657] [create] Created (PullQEl_nms1best/conv53_97 | timeout: 10s)
[2026-09-26 14:11:44.137] [11241] [HailoRT] [info] [edge_elements.cpp:287] [create] Created (HwReadEl8best/conv62_97 | hw_frame_size: 30720)
[2026-09-26 14:11:44.137] [11241] [HailoRT] [info] [queue_elements.cpp:657] [create] Created (PullQEl_nms8best/conv62_97 | timeout: 10s)
[2026-09-26 14:11:44.137] [11241] [HailoRT] [info] [edge_elements.cpp:287] [create] Created (HwReadEl5best/conv63_97 | hw_frame_size: 960)
[2026-09-26 14:11:44.137] [11241] [HailoRT] [info] [queue_elements.cpp:657] [create] Created (PullQEl_nms5best/conv63_97 | timeout: 10s)
[2026-09-26 14:11:44.137] [11241] [HailoRT] [info] [queue_elements.cpp:800] [create] Created (UserBufQEl_post_infer0best/yolov8_nms_postprocess | timeout: 10s)
[2026-09-26 14:11:44.137] [11241] [HailoRT] [info] [vstream.cpp:1114] [OutputVStreamImpl] Creating best/yolov8_nms_postprocess...
[2026-09-26 14:11:44.137] [11241] [HailoRT] [info] [vstream_builder.cpp:622] [create_output_post_process_nms] Output pipeline 'best/yolov8_nms_postprocess': HW >> (HwReadEl0best/conv41_97 | hw_frame_size: 409600) >> (PullQEl_nms0best/conv41_97) >> (HwReadEl3best/conv42_97 | hw_frame_size: 12800) >> (PullQEl_nms3best/conv42_97) >> (HwReadEl2best/conv52_97 | hw_frame_size: 102400) >> (PullQEl_nms2best/conv52_97) >> (HwReadEl1best/conv53_97 | hw_frame_size: 3200) >> (PullQEl_nms1best/conv53_97) >> (HwReadEl8best/conv62_97 | hw_frame_size: 30720) >> (PullQEl_nms8best/conv62_97) >> (HwReadEl5best/conv63_97 | hw_frame_size: 960) >> (PullQEl_nms5best/conv63_97) >> (NmsPPMuxEl0YOLOV8-Post-Process | Op YOLOV8, Name: YOLOV8-Post-Process, Score threshold: 0.250, IoU threshold: 0.70, Classes: 2, Max bboxes per class: 100, Image height: 640, Image width: 640) >> (UserBufQEl_post_infer0best/yolov8_nms_postprocess | timeout: 10s)
[2026-09-26 14:11:44.138] [11241] [HailoRT] [info] [core_op.cpp:156] [activate] Activating best took 0.614967 milliseconds. Note that the function is asynchronous and thus the network is not fully activated yet.
[2026-09-26 14:11:44.138] [11241] [HailoRT] [info] [core_op.cpp:156] [activate] Activating best took 0.626985 milliseconds. Note that the function is asynchronous and thus the network is not fully activated yet.
[2026-09-26 14:11:50.836] [11263] [HailoRT] [info] [vdevice_native_stream.cpp:331] [read_impl] Failed read from stream HAILO_STREAM_NOT_ACTIVATED(72) (device: 0001:01:00.0)
[2026-09-26 14:11:50.836] [11264] [HailoRT] [info] [vdevice_native_stream.cpp:331] [read_impl] Failed read from stream HAILO_STREAM_NOT_ACTIVATED(72) (device: 0001:01:00.0)
[2026-09-26 14:11:50.837] [11262] [HailoRT] [info] [vdevice_native_stream.cpp:331] [read_impl] Failed read from stream HAILO_STREAM_NOT_ACTIVATED(72) (device: 0001:01:00.0)
[2026-09-26 14:11:50.837] [11267] [HailoRT] [info] [vdevice_native_stream.cpp:331] [read_impl] Failed read from stream HAILO_STREAM_NOT_ACTIVATED(72) (device: 0001:01:00.0)
[2026-09-26 14:11:50.836] [11265] [HailoRT] [info] [vdevice_native_stream.cpp:331] [read_impl] Failed read from stream HAILO_STREAM_NOT_ACTIVATED(72) (device: 0001:01:00.0)
[2026-09-26 14:11:50.837] [11266] [HailoRT] [info] [vdevice_native_stream.cpp:331] [read_impl] Failed read from stream HAILO_STREAM_NOT_ACTIVATED(72) (device: 0001:01:00.0)
[2026-09-26 14:11:50.837] [11241] [HailoRT] [info] [core_op.cpp:186] [deactivate] Deactivating took 0.509805 ms
[2026-09-26 14:11:50.837] [11241] [HailoRT] [info] [core_op.cpp:186] [deactivate] Deactivating took 0.527193 ms
[2026-09-26 14:11:50.837] [11263] [HailoRT] [info] [queue_elements.cpp:734] [run_in_thread] Shutdown event was signaled in run_pull of queue element PullQEl_nms3best/conv42_97!
[2026-09-26 14:11:50.837] [11264] [HailoRT] [info] [queue_elements.cpp:734] [run_in_thread] Shutdown event was signaled in run_pull of queue element PullQEl_nms2best/conv52_97!
[2026-09-26 14:11:50.837] [11265] [HailoRT] [info] [queue_elements.cpp:734] [run_in_thread] Shutdown event was signaled in run_pull of queue element PullQEl_nms1best/conv53_97!
[2026-09-26 14:11:50.837] [11262] [HailoRT] [info] [queue_elements.cpp:734] [run_in_thread] Shutdown event was signaled in run_pull of queue element PullQEl_nms0best/conv41_97!
[2026-09-26 14:11:50.837] [11267] [HailoRT] [info] [queue_elements.cpp:734] [run_in_thread] Shutdown event was signaled in run_pull of queue element PullQEl_nms5best/conv63_97!
[2026-09-26 14:11:50.837] [11266] [HailoRT] [info] [queue_elements.cpp:734] [run_in_thread] Shutdown event was signaled in run_pull of queue element PullQEl_nms8best/conv62_97!
[2026-09-26 14:11:50.837] [11268] [HailoRT] [info] [queue_elements.cpp:68] [operator()] Thread in element UserBufQEl_post_infer0best/yolov8_nms_postprocess is not running anymore, exiting..
[2026-09-26 14:11:50.837] [11241] [HailoRT] [info] [queue_elements.cpp:46] [~BaseQueueElement] Queue element UserBufQEl_post_infer0best/yolov8_nms_postprocess has 0 frames in his Queue on destruction
[2026-09-26 14:11:50.837] [11267] [HailoRT] [info] [queue_elements.cpp:68] [operator()] Thread in element PullQEl_nms5best/conv63_97 is not running anymore, exiting..
[2026-09-26 14:11:50.837] [11241] [HailoRT] [info] [queue_elements.cpp:46] [~BaseQueueElement] Queue element PullQEl_nms5best/conv63_97 has 0 frames in his Queue on destruction
[2026-09-26 14:11:50.837] [11266] [HailoRT] [info] [queue_elements.cpp:68] [operator()] Thread in element PullQEl_nms8best/conv62_97 is not running anymore, exiting..
[2026-09-26 14:11:50.837] [11241] [HailoRT] [info] [queue_elements.cpp:46] [~BaseQueueElement] Queue element PullQEl_nms8best/conv62_97 has 0 frames in his Queue on destruction
[2026-09-26 14:11:50.837] [11265] [HailoRT] [info] [queue_elements.cpp:68] [operator()] Thread in element PullQEl_nms1best/conv53_97 is not running anymore, exiting..
[2026-09-26 14:11:50.837] [11241] [HailoRT] [info] [queue_elements.cpp:46] [~BaseQueueElement] Queue element PullQEl_nms1best/conv53_97 has 0 frames in his Queue on destruction
[2026-09-26 14:11:50.837] [11264] [HailoRT] [info] [queue_elements.cpp:68] [operator()] Thread in element PullQEl_nms2best/conv52_97 is not running anymore, exiting..
[2026-09-26 14:11:50.837] [11241] [HailoRT] [info] [queue_elements.cpp:46] [~BaseQueueElement] Queue element PullQEl_nms2best/conv52_97 has 0 frames in his Queue on destruction
[2026-09-26 14:11:50.837] [11263] [HailoRT] [info] [queue_elements.cpp:68] [operator()] Thread in element PullQEl_nms3best/conv42_97 is not running anymore, exiting..
[2026-09-26 14:11:50.837] [11241] [HailoRT] [info] [queue_elements.cpp:46] [~BaseQueueElement] Queue element PullQEl_nms3best/conv42_97 has 0 frames in his Queue on destruction
[2026-09-26 14:11:50.837] [11262] [HailoRT] [info] [queue_elements.cpp:68] [operator()] Thread in element PullQEl_nms0best/conv41_97 is not running anymore, exiting..
[2026-09-26 14:11:50.838] [11241] [HailoRT] [info] [queue_elements.cpp:46] [~BaseQueueElement] Queue element PullQEl_nms0best/conv41_97 has 0 frames in his Queue on destruction
[2026-09-26 14:11:50.838] [11261] [HailoRT] [info] [queue_elements.cpp:68] [operator()] Thread in element PushQEl3best/input_layer1 is not running anymore, exiting..
[2026-09-26 14:11:50.838] [11241] [HailoRT] [info] [queue_elements.cpp:46] [~BaseQueueElement] Queue element PushQEl3best/input_layer1 has 0 frames in his Queue on destruction
[2026-09-26 14:13:25.379] [11696] [HailoRT] [info] [vdevice.cpp:535] [create] Creating vdevice with params: device_count: 1, scheduling_algorithm: NONE, multi_process_service: false
[2026-09-26 14:13:25.391] [11696] [HailoRT] [info] [device.cpp:51] [Device] OS Version: Linux 6.18.50+rpt-rpi-2712 #1 SMP PREEMPT Debian 1:6.18.50-1+rpt1 (2026-09-11) aarch64
[2026-09-26 14:13:25.391] [11696] [HailoRT] [info] [control.cpp:113] [control__parse_identify_results] firmware_version is: 4.23.0
[2026-09-26 14:13:25.391] [11696] [HailoRT] [info] [vdevice.cpp:682] [create] VDevice Infos: 0001:01:00.0
[2026-09-26 14:13:25.392] [11696] [HailoRT] [warning] [device_internal.cpp:616] [check_hef_is_compatible] HEF was compiled for Hailo8L device, while the device itself is Hailo8. This will result in lower performance.
[2026-09-26 14:13:25.392] [11696] [HailoRT] [warning] [device_internal.cpp:616] [check_hef_is_compatible] HEF was compiled for Hailo8L device, while the device itself is Hailo8. This will result in lower performance.
[2026-09-26 14:13:25.398] [11696] [HailoRT] [info] [internal_buffer_manager.cpp:77] [print_execution_results] Planned internal buffer memory: CMA=0 CMA-Desc=655360 Pinned=2053120. memory to edge layer usage factor is 1
[2026-09-26 14:13:25.398] [11696] [HailoRT] [info] [internal_buffer_manager.cpp:86] [print_execution_results] Default Internal buffer planner executed successfully
[2026-09-26 14:13:25.424] [11696] [HailoRT] [info] [device_internal.cpp:57] [configure] Configuring HEF took 32.537421 milliseconds
[2026-09-26 14:13:25.425] [11696] [HailoRT] [info] [vdevice.cpp:780] [configure] Configuring HEF on VDevice took 32.971402 milliseconds
[2026-09-26 14:13:25.425] [11696] [HailoRT] [info] [hef.cpp:1994] [get_network_group_and_network_name] No name was given. Addressing all networks of default network_group: best
[2026-09-26 14:13:25.425] [11696] [HailoRT] [info] [edge_elements.cpp:52] [create] Created (HwWriteEl3best/input_layer1 | hw_frame_size: 1228800)
[2026-09-26 14:13:25.425] [11696] [HailoRT] [info] [queue_elements.cpp:284] [create] Created (PushQEl3best/input_layer1 | timeout: 10s)
[2026-09-26 14:13:25.425] [11696] [HailoRT] [info] [filter_elements.cpp:101] [create] Created (PreInferEl3best/input_layer1 | Reorder - src_order: NHWC, src_shape: (640, 640, 3), dst_order: NHCW, dst_shape: (640, 640, 3))
[2026-09-26 14:13:25.425] [11696] [HailoRT] [info] [vstream.cpp:754] [InputVStreamImpl] Creating best/input_layer1...
[2026-09-26 14:13:25.425] [11696] [HailoRT] [info] [vstream_builder.cpp:102] [create_inputs] Input pipeline 'best/input_layer1': (PreInferEl3best/input_layer1 | Reorder - src_order: NHWC, src_shape: (640, 640, 3), dst_order: NHCW, dst_shape: (640, 640, 3)) >> (PushQEl3best/input_layer1 | timeout: 10s) >> (HwWriteEl3best/input_layer1 | hw_frame_size: 1228800) >> HW
[2026-09-26 14:13:25.425] [11696] [HailoRT] [info] [multi_io_elements.cpp:135] [create] Created (NmsPPMuxEl0YOLOV8-Post-Process | Op YOLOV8, Name: YOLOV8-Post-Process, Score threshold: 0.250, IoU threshold: 0.70, Classes: 2, Max bboxes per class: 100, Image height: 640, Image width: 640)
[2026-09-26 14:13:25.425] [11696] [HailoRT] [info] [edge_elements.cpp:287] [create] Created (HwReadEl0best/conv41_97 | hw_frame_size: 409600)
[2026-09-26 14:13:25.425] [11696] [HailoRT] [info] [queue_elements.cpp:657] [create] Created (PullQEl_nms0best/conv41_97 | timeout: 10s)
[2026-09-26 14:13:25.425] [11696] [HailoRT] [info] [edge_elements.cpp:287] [create] Created (HwReadEl3best/conv42_97 | hw_frame_size: 12800)
[2026-09-26 14:13:25.425] [11696] [HailoRT] [info] [queue_elements.cpp:657] [create] Created (PullQEl_nms3best/conv42_97 | timeout: 10s)
[2026-09-26 14:13:25.425] [11696] [HailoRT] [info] [edge_elements.cpp:287] [create] Created (HwReadEl2best/conv52_97 | hw_frame_size: 102400)
[2026-09-26 14:13:25.426] [11696] [HailoRT] [info] [queue_elements.cpp:657] [create] Created (PullQEl_nms2best/conv52_97 | timeout: 10s)
[2026-09-26 14:13:25.426] [11696] [HailoRT] [info] [edge_elements.cpp:287] [create] Created (HwReadEl1best/conv53_97 | hw_frame_size: 3200)
[2026-09-26 14:13:25.426] [11696] [HailoRT] [info] [queue_elements.cpp:657] [create] Created (PullQEl_nms1best/conv53_97 | timeout: 10s)
[2026-09-26 14:13:25.426] [11696] [HailoRT] [info] [edge_elements.cpp:287] [create] Created (HwReadEl8best/conv62_97 | hw_frame_size: 30720)
[2026-09-26 14:13:25.426] [11696] [HailoRT] [info] [queue_elements.cpp:657] [create] Created (PullQEl_nms8best/conv62_97 | timeout: 10s)
[2026-09-26 14:13:25.426] [11696] [HailoRT] [info] [edge_elements.cpp:287] [create] Created (HwReadEl5best/conv63_97 | hw_frame_size: 960)
[2026-09-26 14:13:25.426] [11696] [HailoRT] [info] [queue_elements.cpp:657] [create] Created (PullQEl_nms5best/conv63_97 | timeout: 10s)
[2026-09-26 14:13:25.426] [11696] [HailoRT] [info] [queue_elements.cpp:800] [create] Created (UserBufQEl_post_infer0best/yolov8_nms_postprocess | timeout: 10s)
[2026-09-26 14:13:25.426] [11696] [HailoRT] [info] [vstream.cpp:1114] [OutputVStreamImpl] Creating best/yolov8_nms_postprocess...
[2026-09-26 14:13:25.426] [11696] [HailoRT] [info] [vstream_builder.cpp:622] [create_output_post_process_nms] Output pipeline 'best/yolov8_nms_postprocess': HW >> (HwReadEl0best/conv41_97 | hw_frame_size: 409600) >> (PullQEl_nms0best/conv41_97) >> (HwReadEl3best/conv42_97 | hw_frame_size: 12800) >> (PullQEl_nms3best/conv42_97) >> (HwReadEl2best/conv52_97 | hw_frame_size: 102400) >> (PullQEl_nms2best/conv52_97) >> (HwReadEl1best/conv53_97 | hw_frame_size: 3200) >> (PullQEl_nms1best/conv53_97) >> (HwReadEl8best/conv62_97 | hw_frame_size: 30720) >> (PullQEl_nms8best/conv62_97) >> (HwReadEl5best/conv63_97 | hw_frame_size: 960) >> (PullQEl_nms5best/conv63_97) >> (NmsPPMuxEl0YOLOV8-Post-Process | Op YOLOV8, Name: YOLOV8-Post-Process, Score threshold: 0.250, IoU threshold: 0.70, Classes: 2, Max bboxes per class: 100, Image height: 640, Image width: 640) >> (UserBufQEl_post_infer0best/yolov8_nms_postprocess | timeout: 10s)
[2026-09-26 14:13:25.427] [11696] [HailoRT] [info] [core_op.cpp:156] [activate] Activating best took 0.682677 milliseconds. Note that the function is asynchronous and thus the network is not fully activated yet.
[2026-09-26 14:13:25.427] [11696] [HailoRT] [info] [core_op.cpp:156] [activate] Activating best took 0.705678 milliseconds. Note that the function is asynchronous and thus the network is not fully activated yet.
[2026-09-26 14:13:26.572] [11718] [HailoRT] [info] [vdevice_native_stream.cpp:331] [read_impl] Failed read from stream HAILO_STREAM_NOT_ACTIVATED(72) (device: 0001:01:00.0)
[2026-09-26 14:13:26.572] [11717] [HailoRT] [info] [vdevice_native_stream.cpp:331] [read_impl] Failed read from stream HAILO_STREAM_NOT_ACTIVATED(72) (device: 0001:01:00.0)
[2026-09-26 14:13:26.572] [11715] [HailoRT] [info] [vdevice_native_stream.cpp:331] [read_impl] Failed read from stream HAILO_STREAM_NOT_ACTIVATED(72) (device: 0001:01:00.0)
[2026-09-26 14:13:26.572] [11716] [HailoRT] [info] [vdevice_native_stream.cpp:331] [read_impl] Failed read from stream HAILO_STREAM_NOT_ACTIVATED(72) (device: 0001:01:00.0)
[2026-09-26 14:13:26.573] [11720] [HailoRT] [info] [vdevice_native_stream.cpp:331] [read_impl] Failed read from stream HAILO_STREAM_NOT_ACTIVATED(72) (device: 0001:01:00.0)
[2026-09-26 14:13:26.572] [11719] [HailoRT] [info] [vdevice_native_stream.cpp:331] [read_impl] Failed read from stream HAILO_STREAM_NOT_ACTIVATED(72) (device: 0001:01:00.0)
[2026-09-26 14:13:26.573] [11696] [HailoRT] [info] [core_op.cpp:186] [deactivate] Deactivating took 0.938706 ms
[2026-09-26 14:13:26.573] [11696] [HailoRT] [info] [core_op.cpp:186] [deactivate] Deactivating took 0.960318 ms
[2026-09-26 14:13:26.573] [11716] [HailoRT] [info] [queue_elements.cpp:734] [run_in_thread] Shutdown event was signaled in run_pull of queue element PullQEl_nms3best/conv42_97!
[2026-09-26 14:13:26.573] [11717] [HailoRT] [info] [queue_elements.cpp:734] [run_in_thread] Shutdown event was signaled in run_pull of queue element PullQEl_nms2best/conv52_97!
[2026-09-26 14:13:26.573] [11718] [HailoRT] [info] [queue_elements.cpp:734] [run_in_thread] Shutdown event was signaled in run_pull of queue element PullQEl_nms1best/conv53_97!
[2026-09-26 14:13:26.573] [11715] [HailoRT] [info] [queue_elements.cpp:734] [run_in_thread] Shutdown event was signaled in run_pull of queue element PullQEl_nms0best/conv41_97!
[2026-09-26 14:13:26.573] [11719] [HailoRT] [info] [queue_elements.cpp:734] [run_in_thread] Shutdown event was signaled in run_pull of queue element PullQEl_nms8best/conv62_97!
[2026-09-26 14:13:26.573] [11720] [HailoRT] [info] [queue_elements.cpp:734] [run_in_thread] Shutdown event was signaled in run_pull of queue element PullQEl_nms5best/conv63_97!
[2026-09-26 14:13:26.573] [11721] [HailoRT] [info] [queue_elements.cpp:68] [operator()] Thread in element UserBufQEl_post_infer0best/yolov8_nms_postprocess is not running anymore, exiting..
[2026-09-26 14:13:26.573] [11696] [HailoRT] [info] [queue_elements.cpp:46] [~BaseQueueElement] Queue element UserBufQEl_post_infer0best/yolov8_nms_postprocess has 0 frames in his Queue on destruction
[2026-09-26 14:13:26.573] [11720] [HailoRT] [info] [queue_elements.cpp:68] [operator()] Thread in element PullQEl_nms5best/conv63_97 is not running anymore, exiting..
[2026-09-26 14:13:26.574] [11696] [HailoRT] [info] [queue_elements.cpp:46] [~BaseQueueElement] Queue element PullQEl_nms5best/conv63_97 has 0 frames in his Queue on destruction
[2026-09-26 14:13:26.574] [11719] [HailoRT] [info] [queue_elements.cpp:68] [operator()] Thread in element PullQEl_nms8best/conv62_97 is not running anymore, exiting..
[2026-09-26 14:13:26.574] [11696] [HailoRT] [info] [queue_elements.cpp:46] [~BaseQueueElement] Queue element PullQEl_nms8best/conv62_97 has 0 frames in his Queue on destruction
[2026-09-26 14:13:26.574] [11718] [HailoRT] [info] [queue_elements.cpp:68] [operator()] Thread in element PullQEl_nms1best/conv53_97 is not running anymore, exiting..
[2026-09-26 14:13:26.574] [11696] [HailoRT] [info] [queue_elements.cpp:46] [~BaseQueueElement] Queue element PullQEl_nms1best/conv53_97 has 0 frames in his Queue on destruction
[2026-09-26 14:13:26.574] [11717] [HailoRT] [info] [queue_elements.cpp:68] [operator()] Thread in element PullQEl_nms2best/conv52_97 is not running anymore, exiting..
[2026-09-26 14:13:26.574] [11696] [HailoRT] [info] [queue_elements.cpp:46] [~BaseQueueElement] Queue element PullQEl_nms2best/conv52_97 has 0 frames in his Queue on destruction
[2026-09-26 14:13:26.574] [11716] [HailoRT] [info] [queue_elements.cpp:68] [operator()] Thread in element PullQEl_nms3best/conv42_97 is not running anymore, exiting..
[2026-09-26 14:13:26.574] [11696] [HailoRT] [info] [queue_elements.cpp:46] [~BaseQueueElement] Queue element PullQEl_nms3best/conv42_97 has 0 frames in his Queue on destruction
[2026-09-26 14:13:26.574] [11715] [HailoRT] [info] [queue_elements.cpp:68] [operator()] Thread in element PullQEl_nms0best/conv41_97 is not running anymore, exiting..
[2026-09-26 14:13:26.574] [11696] [HailoRT] [info] [queue_elements.cpp:46] [~BaseQueueElement] Queue element PullQEl_nms0best/conv41_97 has 0 frames in his Queue on destruction
[2026-09-26 14:13:26.574] [11714] [HailoRT] [info] [queue_elements.cpp:68] [operator()] Thread in element PushQEl3best/input_layer1 is not running anymore, exiting..
[2026-09-26 14:13:26.574] [11696] [HailoRT] [info] [queue_elements.cpp:46] [~BaseQueueElement] Queue element PushQEl3best/input_layer1 has 0 frames in his Queue on destruction
[2026-09-26 14:20:38.665] [11864] [HailoRT] [info] [vdevice.cpp:535] [create] Creating vdevice with params: device_count: 1, scheduling_algorithm: NONE, multi_process_service: false
[2026-09-26 14:20:38.677] [11864] [HailoRT] [info] [device.cpp:51] [Device] OS Version: Linux 6.18.50+rpt-rpi-2712 #1 SMP PREEMPT Debian 1:6.18.50-1+rpt1 (2026-09-11) aarch64
[2026-09-26 14:20:38.677] [11864] [HailoRT] [info] [control.cpp:113] [control__parse_identify_results] firmware_version is: 4.23.0
[2026-09-26 14:20:38.677] [11864] [HailoRT] [info] [vdevice.cpp:682] [create] VDevice Infos: 0001:01:00.0
[2026-09-26 14:20:38.677] [11864] [HailoRT] [warning] [device_internal.cpp:616] [check_hef_is_compatible] HEF was compiled for Hailo8L device, while the device itself is Hailo8. This will result in lower performance.
[2026-09-26 14:20:38.678] [11864] [HailoRT] [warning] [device_internal.cpp:616] [check_hef_is_compatible] HEF was compiled for Hailo8L device, while the device itself is Hailo8. This will result in lower performance.
[2026-09-26 14:20:38.684] [11864] [HailoRT] [info] [internal_buffer_manager.cpp:77] [print_execution_results] Planned internal buffer memory: CMA=0 CMA-Desc=655360 Pinned=2053120. memory to edge layer usage factor is 1
[2026-09-26 14:20:38.684] [11864] [HailoRT] [info] [internal_buffer_manager.cpp:86] [print_execution_results] Default Internal buffer planner executed successfully
[2026-09-26 14:20:38.709] [11864] [HailoRT] [info] [device_internal.cpp:57] [configure] Configuring HEF took 31.613123 milliseconds
[2026-09-26 14:20:38.709] [11864] [HailoRT] [info] [vdevice.cpp:780] [configure] Configuring HEF on VDevice took 32.302382 milliseconds
[2026-09-26 14:20:38.709] [11864] [HailoRT] [info] [hef.cpp:1994] [get_network_group_and_network_name] No name was given. Addressing all networks of default network_group: best
[2026-09-26 14:20:38.710] [11864] [HailoRT] [info] [edge_elements.cpp:52] [create] Created (HwWriteEl3best/input_layer1 | hw_frame_size: 1228800)
[2026-09-26 14:20:38.710] [11864] [HailoRT] [info] [queue_elements.cpp:284] [create] Created (PushQEl3best/input_layer1 | timeout: 10s)
[2026-09-26 14:20:38.710] [11864] [HailoRT] [info] [filter_elements.cpp:101] [create] Created (PreInferEl3best/input_layer1 | Reorder - src_order: NHWC, src_shape: (640, 640, 3), dst_order: NHCW, dst_shape: (640, 640, 3))
[2026-09-26 14:20:38.710] [11864] [HailoRT] [info] [vstream.cpp:754] [InputVStreamImpl] Creating best/input_layer1...
[2026-09-26 14:20:38.710] [11864] [HailoRT] [info] [vstream_builder.cpp:102] [create_inputs] Input pipeline 'best/input_layer1': (PreInferEl3best/input_layer1 | Reorder - src_order: NHWC, src_shape: (640, 640, 3), dst_order: NHCW, dst_shape: (640, 640, 3)) >> (PushQEl3best/input_layer1 | timeout: 10s) >> (HwWriteEl3best/input_layer1 | hw_frame_size: 1228800) >> HW
[2026-09-26 14:20:38.710] [11864] [HailoRT] [info] [multi_io_elements.cpp:135] [create] Created (NmsPPMuxEl0YOLOV8-Post-Process | Op YOLOV8, Name: YOLOV8-Post-Process, Score threshold: 0.250, IoU threshold: 0.70, Classes: 2, Max bboxes per class: 100, Image height: 640, Image width: 640)
[2026-09-26 14:20:38.710] [11864] [HailoRT] [info] [edge_elements.cpp:287] [create] Created (HwReadEl0best/conv41_97 | hw_frame_size: 409600)
[2026-09-26 14:20:38.710] [11864] [HailoRT] [info] [queue_elements.cpp:657] [create] Created (PullQEl_nms0best/conv41_97 | timeout: 10s)
[2026-09-26 14:20:38.710] [11864] [HailoRT] [info] [edge_elements.cpp:287] [create] Created (HwReadEl3best/conv42_97 | hw_frame_size: 12800)
[2026-09-26 14:20:38.710] [11864] [HailoRT] [info] [queue_elements.cpp:657] [create] Created (PullQEl_nms3best/conv42_97 | timeout: 10s)
[2026-09-26 14:20:38.710] [11864] [HailoRT] [info] [edge_elements.cpp:287] [create] Created (HwReadEl2best/conv52_97 | hw_frame_size: 102400)
[2026-09-26 14:20:38.711] [11864] [HailoRT] [info] [queue_elements.cpp:657] [create] Created (PullQEl_nms2best/conv52_97 | timeout: 10s)
[2026-09-26 14:20:38.711] [11864] [HailoRT] [info] [edge_elements.cpp:287] [create] Created (HwReadEl1best/conv53_97 | hw_frame_size: 3200)
[2026-09-26 14:20:38.711] [11864] [HailoRT] [info] [queue_elements.cpp:657] [create] Created (PullQEl_nms1best/conv53_97 | timeout: 10s)
[2026-09-26 14:20:38.711] [11864] [HailoRT] [info] [edge_elements.cpp:287] [create] Created (HwReadEl8best/conv62_97 | hw_frame_size: 30720)
[2026-09-26 14:20:38.711] [11864] [HailoRT] [info] [queue_elements.cpp:657] [create] Created (PullQEl_nms8best/conv62_97 | timeout: 10s)
[2026-09-26 14:20:38.711] [11864] [HailoRT] [info] [edge_elements.cpp:287] [create] Created (HwReadEl5best/conv63_97 | hw_frame_size: 960)
[2026-09-26 14:20:38.711] [11864] [HailoRT] [info] [queue_elements.cpp:657] [create] Created (PullQEl_nms5best/conv63_97 | timeout: 10s)
[2026-09-26 14:20:38.711] [11864] [HailoRT] [info] [queue_elements.cpp:800] [create] Created (UserBufQEl_post_infer0best/yolov8_nms_postprocess | timeout: 10s)
[2026-09-26 14:20:38.711] [11864] [HailoRT] [info] [vstream.cpp:1114] [OutputVStreamImpl] Creating best/yolov8_nms_postprocess...
[2026-09-26 14:20:38.711] [11864] [HailoRT] [info] [vstream_builder.cpp:622] [create_output_post_process_nms] Output pipeline 'best/yolov8_nms_postprocess': HW >> (HwReadEl0best/conv41_97 | hw_frame_size: 409600) >> (PullQEl_nms0best/conv41_97) >> (HwReadEl3best/conv42_97 | hw_frame_size: 12800) >> (PullQEl_nms3best/conv42_97) >> (HwReadEl2best/conv52_97 | hw_frame_size: 102400) >> (PullQEl_nms2best/conv52_97) >> (HwReadEl1best/conv53_97 | hw_frame_size: 3200) >> (PullQEl_nms1best/conv53_97) >> (HwReadEl8best/conv62_97 | hw_frame_size: 30720) >> (PullQEl_nms8best/conv62_97) >> (HwReadEl5best/conv63_97 | hw_frame_size: 960) >> (PullQEl_nms5best/conv63_97) >> (NmsPPMuxEl0YOLOV8-Post-Process | Op YOLOV8, Name: YOLOV8-Post-Process, Score threshold: 0.250, IoU threshold: 0.70, Classes: 2, Max bboxes per class: 100, Image height: 640, Image width: 640) >> (UserBufQEl_post_infer0best/yolov8_nms_postprocess | timeout: 10s)
[2026-09-26 14:20:38.712] [11864] [HailoRT] [info] [core_op.cpp:156] [activate] Activating best took 0.705148 milliseconds. Note that the function is asynchronous and thus the network is not fully activated yet.
[2026-09-26 14:20:38.712] [11864] [HailoRT] [info] [core_op.cpp:156] [activate] Activating best took 0.729202 milliseconds. Note that the function is asynchronous and thus the network is not fully activated yet.
[2026-09-26 14:21:19.594] [11879] [HailoRT] [info] [vdevice_native_stream.cpp:331] [read_impl] Failed read from stream HAILO_STREAM_NOT_ACTIVATED(72) (device: 0001:01:00.0)
[2026-09-26 14:21:19.594] [11878] [HailoRT] [info] [vdevice_native_stream.cpp:331] [read_impl] Failed read from stream HAILO_STREAM_NOT_ACTIVATED(72) (device: 0001:01:00.0)
[2026-09-26 14:21:19.594] [11877] [HailoRT] [info] [vdevice_native_stream.cpp:331] [read_impl] Failed read from stream HAILO_STREAM_NOT_ACTIVATED(72) (device: 0001:01:00.0)
[2026-09-26 14:21:19.594] [11876] [HailoRT] [info] [vdevice_native_stream.cpp:331] [read_impl] Failed read from stream HAILO_STREAM_NOT_ACTIVATED(72) (device: 0001:01:00.0)
[2026-09-26 14:21:19.594] [11880] [HailoRT] [info] [vdevice_native_stream.cpp:331] [read_impl] Failed read from stream HAILO_STREAM_NOT_ACTIVATED(72) (device: 0001:01:00.0)
[2026-09-26 14:21:19.594] [11881] [HailoRT] [info] [vdevice_native_stream.cpp:331] [read_impl] Failed read from stream HAILO_STREAM_NOT_ACTIVATED(72) (device: 0001:01:00.0)
[2026-09-26 14:21:19.595] [11864] [HailoRT] [info] [core_op.cpp:186] [deactivate] Deactivating took 0.508448 ms
[2026-09-26 14:21:19.595] [11864] [HailoRT] [info] [core_op.cpp:186] [deactivate] Deactivating took 0.523096 ms
[2026-09-26 14:21:19.595] [11876] [HailoRT] [info] [queue_elements.cpp:734] [run_in_thread] Shutdown event was signaled in run_pull of queue element PullQEl_nms0best/conv41_97!
[2026-09-26 14:21:19.595] [11877] [HailoRT] [info] [queue_elements.cpp:734] [run_in_thread] Shutdown event was signaled in run_pull of queue element PullQEl_nms3best/conv42_97!
[2026-09-26 14:21:19.595] [11878] [HailoRT] [info] [queue_elements.cpp:734] [run_in_thread] Shutdown event was signaled in run_pull of queue element PullQEl_nms2best/conv52_97!
[2026-09-26 14:21:19.595] [11879] [HailoRT] [info] [queue_elements.cpp:734] [run_in_thread] Shutdown event was signaled in run_pull of queue element PullQEl_nms1best/conv53_97!
[2026-09-26 14:21:19.595] [11880] [HailoRT] [info] [queue_elements.cpp:734] [run_in_thread] Shutdown event was signaled in run_pull of queue element PullQEl_nms8best/conv62_97!
[2026-09-26 14:21:19.595] [11881] [HailoRT] [info] [queue_elements.cpp:734] [run_in_thread] Shutdown event was signaled in run_pull of queue element PullQEl_nms5best/conv63_97!
[2026-09-26 14:21:19.595] [11882] [HailoRT] [info] [queue_elements.cpp:68] [operator()] Thread in element UserBufQEl_post_infer0best/yolov8_nms_postprocess is not running anymore, exiting..
[2026-09-26 14:21:19.595] [11864] [HailoRT] [info] [queue_elements.cpp:46] [~BaseQueueElement] Queue element UserBufQEl_post_infer0best/yolov8_nms_postprocess has 0 frames in his Queue on destruction
[2026-09-26 14:21:19.595] [11881] [HailoRT] [info] [queue_elements.cpp:68] [operator()] Thread in element PullQEl_nms5best/conv63_97 is not running anymore, exiting..
[2026-09-26 14:21:19.595] [11864] [HailoRT] [info] [queue_elements.cpp:46] [~BaseQueueElement] Queue element PullQEl_nms5best/conv63_97 has 0 frames in his Queue on destruction
[2026-09-26 14:21:19.595] [11880] [HailoRT] [info] [queue_elements.cpp:68] [operator()] Thread in element PullQEl_nms8best/conv62_97 is not running anymore, exiting..
[2026-09-26 14:21:19.595] [11864] [HailoRT] [info] [queue_elements.cpp:46] [~BaseQueueElement] Queue element PullQEl_nms8best/conv62_97 has 0 frames in his Queue on destruction
[2026-09-26 14:21:19.595] [11879] [HailoRT] [info] [queue_elements.cpp:68] [operator()] Thread in element PullQEl_nms1best/conv53_97 is not running anymore, exiting..
[2026-09-26 14:21:19.595] [11864] [HailoRT] [info] [queue_elements.cpp:46] [~BaseQueueElement] Queue element PullQEl_nms1best/conv53_97 has 0 frames in his Queue on destruction
[2026-09-26 14:21:19.595] [11878] [HailoRT] [info] [queue_elements.cpp:68] [operator()] Thread in element PullQEl_nms2best/conv52_97 is not running anymore, exiting..
[2026-09-26 14:21:19.595] [11864] [HailoRT] [info] [queue_elements.cpp:46] [~BaseQueueElement] Queue element PullQEl_nms2best/conv52_97 has 0 frames in his Queue on destruction
[2026-09-26 14:21:19.595] [11877] [HailoRT] [info] [queue_elements.cpp:68] [operator()] Thread in element PullQEl_nms3best/conv42_97 is not running anymore, exiting..
[2026-09-26 14:21:19.595] [11864] [HailoRT] [info] [queue_elements.cpp:46] [~BaseQueueElement] Queue element PullQEl_nms3best/conv42_97 has 0 frames in his Queue on destruction
[2026-09-26 14:21:19.595] [11876] [HailoRT] [info] [queue_elements.cpp:68] [operator()] Thread in element PullQEl_nms0best/conv41_97 is not running anymore, exiting..
[2026-09-26 14:21:19.595] [11864] [HailoRT] [info] [queue_elements.cpp:46] [~BaseQueueElement] Queue element PullQEl_nms0best/conv41_97 has 0 frames in his Queue on destruction
[2026-09-26 14:21:19.595] [11875] [HailoRT] [info] [queue_elements.cpp:68] [operator()] Thread in element PushQEl3best/input_layer1 is not running anymore, exiting..
[2026-09-26 14:21:19.595] [11864] [HailoRT] [info] [queue_elements.cpp:46] [~BaseQueueElement] Queue element PushQEl3best/input_layer1 has 0 frames in his Queue on destruction
[2026-09-26 14:21:50.143] [13907] [HailoRT] [info] [vdevice.cpp:535] [create] Creating vdevice with params: device_count: 1, scheduling_algorithm: NONE, multi_process_service: false
[2026-09-26 14:21:50.155] [13907] [HailoRT] [info] [device.cpp:51] [Device] OS Version: Linux 6.18.50+rpt-rpi-2712 #1 SMP PREEMPT Debian 1:6.18.50-1+rpt1 (2026-09-11) aarch64
[2026-09-26 14:21:50.155] [13907] [HailoRT] [info] [control.cpp:113] [control__parse_identify_results] firmware_version is: 4.23.0
[2026-09-26 14:21:50.155] [13907] [HailoRT] [info] [vdevice.cpp:682] [create] VDevice Infos: 0001:01:00.0
[2026-09-26 14:21:50.155] [13907] [HailoRT] [warning] [device_internal.cpp:616] [check_hef_is_compatible] HEF was compiled for Hailo8L device, while the device itself is Hailo8. This will result in lower performance.
[2026-09-26 14:21:50.156] [13907] [HailoRT] [warning] [device_internal.cpp:616] [check_hef_is_compatible] HEF was compiled for Hailo8L device, while the device itself is Hailo8. This will result in lower performance.
[2026-09-26 14:21:50.162] [13907] [HailoRT] [info] [internal_buffer_manager.cpp:77] [print_execution_results] Planned internal buffer memory: CMA=0 CMA-Desc=655360 Pinned=2053120. memory to edge layer usage factor is 1
[2026-09-26 14:21:50.162] [13907] [HailoRT] [info] [internal_buffer_manager.cpp:86] [print_execution_results] Default Internal buffer planner executed successfully
[2026-09-26 14:21:50.193] [13907] [HailoRT] [info] [device_internal.cpp:57] [configure] Configuring HEF took 37.350181 milliseconds
[2026-09-26 14:21:50.193] [13907] [HailoRT] [info] [vdevice.cpp:780] [configure] Configuring HEF on VDevice took 37.822796 milliseconds
[2026-09-26 14:21:50.193] [13907] [HailoRT] [info] [hef.cpp:1994] [get_network_group_and_network_name] No name was given. Addressing all networks of default network_group: best
[2026-09-26 14:21:50.193] [13907] [HailoRT] [info] [edge_elements.cpp:52] [create] Created (HwWriteEl3best/input_layer1 | hw_frame_size: 1228800)
[2026-09-26 14:21:50.194] [13907] [HailoRT] [info] [queue_elements.cpp:284] [create] Created (PushQEl3best/input_layer1 | timeout: 10s)
[2026-09-26 14:21:50.194] [13907] [HailoRT] [info] [filter_elements.cpp:101] [create] Created (PreInferEl3best/input_layer1 | Reorder - src_order: NHWC, src_shape: (640, 640, 3), dst_order: NHCW, dst_shape: (640, 640, 3))
[2026-09-26 14:21:50.194] [13907] [HailoRT] [info] [vstream.cpp:754] [InputVStreamImpl] Creating best/input_layer1...
[2026-09-26 14:21:50.194] [13907] [HailoRT] [info] [vstream_builder.cpp:102] [create_inputs] Input pipeline 'best/input_layer1': (PreInferEl3best/input_layer1 | Reorder - src_order: NHWC, src_shape: (640, 640, 3), dst_order: NHCW, dst_shape: (640, 640, 3)) >> (PushQEl3best/input_layer1 | timeout: 10s) >> (HwWriteEl3best/input_layer1 | hw_frame_size: 1228800) >> HW
[2026-09-26 14:21:50.194] [13907] [HailoRT] [info] [multi_io_elements.cpp:135] [create] Created (NmsPPMuxEl0YOLOV8-Post-Process | Op YOLOV8, Name: YOLOV8-Post-Process, Score threshold: 0.250, IoU threshold: 0.70, Classes: 2, Max bboxes per class: 100, Image height: 640, Image width: 640)
[2026-09-26 14:21:50.194] [13907] [HailoRT] [info] [edge_elements.cpp:287] [create] Created (HwReadEl0best/conv41_97 | hw_frame_size: 409600)
[2026-09-26 14:21:50.194] [13907] [HailoRT] [info] [queue_elements.cpp:657] [create] Created (PullQEl_nms0best/conv41_97 | timeout: 10s)
[2026-09-26 14:21:50.194] [13907] [HailoRT] [info] [edge_elements.cpp:287] [create] Created (HwReadEl3best/conv42_97 | hw_frame_size: 12800)
[2026-09-26 14:21:50.194] [13907] [HailoRT] [info] [queue_elements.cpp:657] [create] Created (PullQEl_nms3best/conv42_97 | timeout: 10s)
[2026-09-26 14:21:50.194] [13907] [HailoRT] [info] [edge_elements.cpp:287] [create] Created (HwReadEl2best/conv52_97 | hw_frame_size: 102400)
[2026-09-26 14:21:50.194] [13907] [HailoRT] [info] [queue_elements.cpp:657] [create] Created (PullQEl_nms2best/conv52_97 | timeout: 10s)
[2026-09-26 14:21:50.194] [13907] [HailoRT] [info] [edge_elements.cpp:287] [create] Created (HwReadEl1best/conv53_97 | hw_frame_size: 3200)
[2026-09-26 14:21:50.194] [13907] [HailoRT] [info] [queue_elements.cpp:657] [create] Created (PullQEl_nms1best/conv53_97 | timeout: 10s)
[2026-09-26 14:21:50.194] [13907] [HailoRT] [info] [edge_elements.cpp:287] [create] Created (HwReadEl8best/conv62_97 | hw_frame_size: 30720)
[2026-09-26 14:21:50.195] [13907] [HailoRT] [info] [queue_elements.cpp:657] [create] Created (PullQEl_nms8best/conv62_97 | timeout: 10s)
[2026-09-26 14:21:50.195] [13907] [HailoRT] [info] [edge_elements.cpp:287] [create] Created (HwReadEl5best/conv63_97 | hw_frame_size: 960)
[2026-09-26 14:21:50.195] [13907] [HailoRT] [info] [queue_elements.cpp:657] [create] Created (PullQEl_nms5best/conv63_97 | timeout: 10s)
[2026-09-26 14:21:50.195] [13907] [HailoRT] [info] [queue_elements.cpp:800] [create] Created (UserBufQEl_post_infer0best/yolov8_nms_postprocess | timeout: 10s)
[2026-09-26 14:21:50.195] [13907] [HailoRT] [info] [vstream.cpp:1114] [OutputVStreamImpl] Creating best/yolov8_nms_postprocess...
[2026-09-26 14:21:50.195] [13907] [HailoRT] [info] [vstream_builder.cpp:622] [create_output_post_process_nms] Output pipeline 'best/yolov8_nms_postprocess': HW >> (HwReadEl0best/conv41_97 | hw_frame_size: 409600) >> (PullQEl_nms0best/conv41_97) >> (HwReadEl3best/conv42_97 | hw_frame_size: 12800) >> (PullQEl_nms3best/conv42_97) >> (HwReadEl2best/conv52_97 | hw_frame_size: 102400) >> (PullQEl_nms2best/conv52_97) >> (HwReadEl1best/conv53_97 | hw_frame_size: 3200) >> (PullQEl_nms1best/conv53_97) >> (HwReadEl8best/conv62_97 | hw_frame_size: 30720) >> (PullQEl_nms8best/conv62_97) >> (HwReadEl5best/conv63_97 | hw_frame_size: 960) >> (PullQEl_nms5best/conv63_97) >> (NmsPPMuxEl0YOLOV8-Post-Process | Op YOLOV8, Name: YOLOV8-Post-Process, Score threshold: 0.250, IoU threshold: 0.70, Classes: 2, Max bboxes per class: 100, Image height: 640, Image width: 640) >> (UserBufQEl_post_infer0best/yolov8_nms_postprocess | timeout: 10s)
[2026-09-26 14:21:50.196] [13907] [HailoRT] [info] [core_op.cpp:156] [activate] Activating best took 0.672794 milliseconds. Note that the function is asynchronous and thus the network is not fully activated yet.
[2026-09-26 14:21:50.196] [13907] [HailoRT] [info] [core_op.cpp:156] [activate] Activating best took 0.691312 milliseconds. Note that the function is asynchronous and thus the network is not fully activated yet.
[2026-09-26 14:22:30.874] [13919] [HailoRT] [info] [vdevice_native_stream.cpp:331] [read_impl] Failed read from stream HAILO_STREAM_NOT_ACTIVATED(72) (device: 0001:01:00.0)
[2026-09-26 14:22:30.874] [13923] [HailoRT] [info] [vdevice_native_stream.cpp:331] [read_impl] Failed read from stream HAILO_STREAM_NOT_ACTIVATED(72) (device: 0001:01:00.0)
[2026-09-26 14:22:30.874] [13924] [HailoRT] [info] [vdevice_native_stream.cpp:331] [read_impl] Failed read from stream HAILO_STREAM_NOT_ACTIVATED(72) (device: 0001:01:00.0)
[2026-09-26 14:22:30.874] [13922] [HailoRT] [info] [vdevice_native_stream.cpp:331] [read_impl] Failed read from stream HAILO_STREAM_NOT_ACTIVATED(72) (device: 0001:01:00.0)
[2026-09-26 14:22:30.874] [13921] [HailoRT] [info] [vdevice_native_stream.cpp:331] [read_impl] Failed read from stream HAILO_STREAM_NOT_ACTIVATED(72) (device: 0001:01:00.0)
[2026-09-26 14:22:30.874] [13920] [HailoRT] [info] [vdevice_native_stream.cpp:331] [read_impl] Failed read from stream HAILO_STREAM_NOT_ACTIVATED(72) (device: 0001:01:00.0)
[2026-09-26 14:22:30.874] [13907] [HailoRT] [info] [core_op.cpp:186] [deactivate] Deactivating took 0.489559 ms
[2026-09-26 14:22:30.874] [13907] [HailoRT] [info] [core_op.cpp:186] [deactivate] Deactivating took 0.506428 ms
[2026-09-26 14:22:30.874] [13919] [HailoRT] [info] [queue_elements.cpp:734] [run_in_thread] Shutdown event was signaled in run_pull of queue element PullQEl_nms0best/conv41_97!
[2026-09-26 14:22:30.874] [13920] [HailoRT] [info] [queue_elements.cpp:734] [run_in_thread] Shutdown event was signaled in run_pull of queue element PullQEl_nms3best/conv42_97!
[2026-09-26 14:22:30.874] [13921] [HailoRT] [info] [queue_elements.cpp:734] [run_in_thread] Shutdown event was signaled in run_pull of queue element PullQEl_nms2best/conv52_97!
[2026-09-26 14:22:30.874] [13923] [HailoRT] [info] [queue_elements.cpp:734] [run_in_thread] Shutdown event was signaled in run_pull of queue element PullQEl_nms8best/conv62_97!
[2026-09-26 14:22:30.874] [13922] [HailoRT] [info] [queue_elements.cpp:734] [run_in_thread] Shutdown event was signaled in run_pull of queue element PullQEl_nms1best/conv53_97!
[2026-09-26 14:22:30.874] [13924] [HailoRT] [info] [queue_elements.cpp:734] [run_in_thread] Shutdown event was signaled in run_pull of queue element PullQEl_nms5best/conv63_97!
[2026-09-26 14:22:30.874] [13925] [HailoRT] [info] [queue_elements.cpp:68] [operator()] Thread in element UserBufQEl_post_infer0best/yolov8_nms_postprocess is not running anymore, exiting..
[2026-09-26 14:22:30.874] [13907] [HailoRT] [info] [queue_elements.cpp:46] [~BaseQueueElement] Queue element UserBufQEl_post_infer0best/yolov8_nms_postprocess has 0 frames in his Queue on destruction
[2026-09-26 14:22:30.874] [13924] [HailoRT] [info] [queue_elements.cpp:68] [operator()] Thread in element PullQEl_nms5best/conv63_97 is not running anymore, exiting..
[2026-09-26 14:22:30.874] [13907] [HailoRT] [info] [queue_elements.cpp:46] [~BaseQueueElement] Queue element PullQEl_nms5best/conv63_97 has 0 frames in his Queue on destruction
[2026-09-26 14:22:30.874] [13923] [HailoRT] [info] [queue_elements.cpp:68] [operator()] Thread in element PullQEl_nms8best/conv62_97 is not running anymore, exiting..
[2026-09-26 14:22:30.874] [13907] [HailoRT] [info] [queue_elements.cpp:46] [~BaseQueueElement] Queue element PullQEl_nms8best/conv62_97 has 0 frames in his Queue on destruction
[2026-09-26 14:22:30.874] [13922] [HailoRT] [info] [queue_elements.cpp:68] [operator()] Thread in element PullQEl_nms1best/conv53_97 is not running anymore, exiting..
[2026-09-26 14:22:30.874] [13907] [HailoRT] [info] [queue_elements.cpp:46] [~BaseQueueElement] Queue element PullQEl_nms1best/conv53_97 has 0 frames in his Queue on destruction
[2026-09-26 14:22:30.874] [13921] [HailoRT] [info] [queue_elements.cpp:68] [operator()] Thread in element PullQEl_nms2best/conv52_97 is not running anymore, exiting..
[2026-09-26 14:22:30.875] [13907] [HailoRT] [info] [queue_elements.cpp:46] [~BaseQueueElement] Queue element PullQEl_nms2best/conv52_97 has 0 frames in his Queue on destruction
[2026-09-26 14:22:30.875] [13920] [HailoRT] [info] [queue_elements.cpp:68] [operator()] Thread in element PullQEl_nms3best/conv42_97 is not running anymore, exiting..
[2026-09-26 14:22:30.875] [13907] [HailoRT] [info] [queue_elements.cpp:46] [~BaseQueueElement] Queue element PullQEl_nms3best/conv42_97 has 0 frames in his Queue on destruction
[2026-09-26 14:22:30.875] [13919] [HailoRT] [info] [queue_elements.cpp:68] [operator()] Thread in element PullQEl_nms0best/conv41_97 is not running anymore, exiting..
[2026-09-26 14:22:30.875] [13907] [HailoRT] [info] [queue_elements.cpp:46] [~BaseQueueElement] Queue element PullQEl_nms0best/conv41_97 has 0 frames in his Queue on destruction
[2026-09-26 14:22:30.875] [13918] [HailoRT] [info] [queue_elements.cpp:68] [operator()] Thread in element PushQEl3best/input_layer1 is not running anymore, exiting..
[2026-09-26 14:22:30.875] [13907] [HailoRT] [info] [queue_elements.cpp:46] [~BaseQueueElement] Queue element PushQEl3best/input_layer1 has 0 frames in his Queue on destruction
[2026-09-26 14:24:17.101] [16495] [HailoRT] [info] [vdevice.cpp:535] [create] Creating vdevice with params: device_count: 1, scheduling_algorithm: NONE, multi_process_service: false
[2026-09-26 14:24:17.113] [16495] [HailoRT] [info] [device.cpp:51] [Device] OS Version: Linux 6.18.50+rpt-rpi-2712 #1 SMP PREEMPT Debian 1:6.18.50-1+rpt1 (2026-09-11) aarch64
[2026-09-26 14:24:17.113] [16495] [HailoRT] [info] [control.cpp:113] [control__parse_identify_results] firmware_version is: 4.23.0
[2026-09-26 14:24:17.113] [16495] [HailoRT] [info] [vdevice.cpp:682] [create] VDevice Infos: 0001:01:00.0
[2026-09-26 14:24:17.113] [16495] [HailoRT] [warning] [device_internal.cpp:616] [check_hef_is_compatible] HEF was compiled for Hailo8L device, while the device itself is Hailo8. This will result in lower performance.
[2026-09-26 14:24:17.114] [16495] [HailoRT] [warning] [device_internal.cpp:616] [check_hef_is_compatible] HEF was compiled for Hailo8L device, while the device itself is Hailo8. This will result in lower performance.
[2026-09-26 14:24:17.122] [16495] [HailoRT] [info] [internal_buffer_manager.cpp:77] [print_execution_results] Planned internal buffer memory: CMA=0 CMA-Desc=655360 Pinned=2053120. memory to edge layer usage factor is 1
[2026-09-26 14:24:17.122] [16495] [HailoRT] [info] [internal_buffer_manager.cpp:86] [print_execution_results] Default Internal buffer planner executed successfully
[2026-09-26 14:24:17.149] [16495] [HailoRT] [info] [device_internal.cpp:57] [configure] Configuring HEF took 35.35021 milliseconds
[2026-09-26 14:24:17.149] [16495] [HailoRT] [info] [vdevice.cpp:780] [configure] Configuring HEF on VDevice took 35.951095 milliseconds
[2026-09-26 14:24:17.149] [16495] [HailoRT] [info] [hef.cpp:1994] [get_network_group_and_network_name] No name was given. Addressing all networks of default network_group: best
[2026-09-26 14:24:17.149] [16495] [HailoRT] [info] [edge_elements.cpp:52] [create] Created (HwWriteEl3best/input_layer1 | hw_frame_size: 1228800)
[2026-09-26 14:24:17.149] [16495] [HailoRT] [info] [queue_elements.cpp:284] [create] Created (PushQEl3best/input_layer1 | timeout: 10s)
[2026-09-26 14:24:17.149] [16495] [HailoRT] [info] [filter_elements.cpp:101] [create] Created (PreInferEl3best/input_layer1 | Reorder - src_order: NHWC, src_shape: (640, 640, 3), dst_order: NHCW, dst_shape: (640, 640, 3))
[2026-09-26 14:24:17.149] [16495] [HailoRT] [info] [vstream.cpp:754] [InputVStreamImpl] Creating best/input_layer1...
[2026-09-26 14:24:17.149] [16495] [HailoRT] [info] [vstream_builder.cpp:102] [create_inputs] Input pipeline 'best/input_layer1': (PreInferEl3best/input_layer1 | Reorder - src_order: NHWC, src_shape: (640, 640, 3), dst_order: NHCW, dst_shape: (640, 640, 3)) >> (PushQEl3best/input_layer1 | timeout: 10s) >> (HwWriteEl3best/input_layer1 | hw_frame_size: 1228800) >> HW
[2026-09-26 14:24:17.149] [16495] [HailoRT] [info] [multi_io_elements.cpp:135] [create] Created (NmsPPMuxEl0YOLOV8-Post-Process | Op YOLOV8, Name: YOLOV8-Post-Process, Score threshold: 0.250, IoU threshold: 0.70, Classes: 2, Max bboxes per class: 100, Image height: 640, Image width: 640)
[2026-09-26 14:24:17.149] [16495] [HailoRT] [info] [edge_elements.cpp:287] [create] Created (HwReadEl0best/conv41_97 | hw_frame_size: 409600)
[2026-09-26 14:24:17.150] [16495] [HailoRT] [info] [queue_elements.cpp:657] [create] Created (PullQEl_nms0best/conv41_97 | timeout: 10s)
[2026-09-26 14:24:17.150] [16495] [HailoRT] [info] [edge_elements.cpp:287] [create] Created (HwReadEl3best/conv42_97 | hw_frame_size: 12800)
[2026-09-26 14:24:17.150] [16495] [HailoRT] [info] [queue_elements.cpp:657] [create] Created (PullQEl_nms3best/conv42_97 | timeout: 10s)
[2026-09-26 14:24:17.150] [16495] [HailoRT] [info] [edge_elements.cpp:287] [create] Created (HwReadEl2best/conv52_97 | hw_frame_size: 102400)
[2026-09-26 14:24:17.150] [16495] [HailoRT] [info] [queue_elements.cpp:657] [create] Created (PullQEl_nms2best/conv52_97 | timeout: 10s)
[2026-09-26 14:24:17.150] [16495] [HailoRT] [info] [edge_elements.cpp:287] [create] Created (HwReadEl1best/conv53_97 | hw_frame_size: 3200)
[2026-09-26 14:24:17.150] [16495] [HailoRT] [info] [queue_elements.cpp:657] [create] Created (PullQEl_nms1best/conv53_97 | timeout: 10s)
[2026-09-26 14:24:17.150] [16495] [HailoRT] [info] [edge_elements.cpp:287] [create] Created (HwReadEl8best/conv62_97 | hw_frame_size: 30720)
[2026-09-26 14:24:17.150] [16495] [HailoRT] [info] [queue_elements.cpp:657] [create] Created (PullQEl_nms8best/conv62_97 | timeout: 10s)
[2026-09-26 14:24:17.150] [16495] [HailoRT] [info] [edge_elements.cpp:287] [create] Created (HwReadEl5best/conv63_97 | hw_frame_size: 960)
[2026-09-26 14:24:17.150] [16495] [HailoRT] [info] [queue_elements.cpp:657] [create] Created (PullQEl_nms5best/conv63_97 | timeout: 10s)
[2026-09-26 14:24:17.150] [16495] [HailoRT] [info] [queue_elements.cpp:800] [create] Created (UserBufQEl_post_infer0best/yolov8_nms_postprocess | timeout: 10s)
[2026-09-26 14:24:17.150] [16495] [HailoRT] [info] [vstream.cpp:1114] [OutputVStreamImpl] Creating best/yolov8_nms_postprocess...
[2026-09-26 14:24:17.150] [16495] [HailoRT] [info] [vstream_builder.cpp:622] [create_output_post_process_nms] Output pipeline 'best/yolov8_nms_postprocess': HW >> (HwReadEl0best/conv41_97 | hw_frame_size: 409600) >> (PullQEl_nms0best/conv41_97) >> (HwReadEl3best/conv42_97 | hw_frame_size: 12800) >> (PullQEl_nms3best/conv42_97) >> (HwReadEl2best/conv52_97 | hw_frame_size: 102400) >> (PullQEl_nms2best/conv52_97) >> (HwReadEl1best/conv53_97 | hw_frame_size: 3200) >> (PullQEl_nms1best/conv53_97) >> (HwReadEl8best/conv62_97 | hw_frame_size: 30720) >> (PullQEl_nms8best/conv62_97) >> (HwReadEl5best/conv63_97 | hw_frame_size: 960) >> (PullQEl_nms5best/conv63_97) >> (NmsPPMuxEl0YOLOV8-Post-Process | Op YOLOV8, Name: YOLOV8-Post-Process, Score threshold: 0.250, IoU threshold: 0.70, Classes: 2, Max bboxes per class: 100, Image height: 640, Image width: 640) >> (UserBufQEl_post_infer0best/yolov8_nms_postprocess | timeout: 10s)
[2026-09-26 14:24:17.151] [16495] [HailoRT] [info] [core_op.cpp:156] [activate] Activating best took 0.587702 milliseconds. Note that the function is asynchronous and thus the network is not fully activated yet.
[2026-09-26 14:24:17.151] [16495] [HailoRT] [info] [core_op.cpp:156] [activate] Activating best took 0.604108 milliseconds. Note that the function is asynchronous and thus the network is not fully activated yet.
[2026-09-26 14:24:37.939] [16507] [HailoRT] [info] [vdevice_native_stream.cpp:331] [read_impl] Failed read from stream HAILO_STREAM_NOT_ACTIVATED(72) (device: 0001:01:00.0)
[2026-09-26 14:24:37.939] [16506] [HailoRT] [info] [vdevice_native_stream.cpp:331] [read_impl] Failed read from stream HAILO_STREAM_NOT_ACTIVATED(72) (device: 0001:01:00.0)
[2026-09-26 14:24:37.939] [16508] [HailoRT] [info] [vdevice_native_stream.cpp:331] [read_impl] Failed read from stream HAILO_STREAM_NOT_ACTIVATED(72) (device: 0001:01:00.0)
[2026-09-26 14:24:37.939] [16505] [HailoRT] [info] [vdevice_native_stream.cpp:331] [read_impl] Failed read from stream HAILO_STREAM_NOT_ACTIVATED(72) (device: 0001:01:00.0)
[2026-09-26 14:24:37.939] [16509] [HailoRT] [info] [vdevice_native_stream.cpp:331] [read_impl] Failed read from stream HAILO_STREAM_NOT_ACTIVATED(72) (device: 0001:01:00.0)
[2026-09-26 14:24:37.939] [16510] [HailoRT] [info] [vdevice_native_stream.cpp:331] [read_impl] Failed read from stream HAILO_STREAM_NOT_ACTIVATED(72) (device: 0001:01:00.0)
[2026-09-26 14:24:37.940] [16495] [HailoRT] [info] [core_op.cpp:186] [deactivate] Deactivating took 0.510111 ms
[2026-09-26 14:24:37.940] [16495] [HailoRT] [info] [core_op.cpp:186] [deactivate] Deactivating took 0.53198 ms
[2026-09-26 14:24:37.940] [16505] [HailoRT] [info] [queue_elements.cpp:734] [run_in_thread] Shutdown event was signaled in run_pull of queue element PullQEl_nms0best/conv41_97!
[2026-09-26 14:24:37.940] [16507] [HailoRT] [info] [queue_elements.cpp:734] [run_in_thread] Shutdown event was signaled in run_pull of queue element PullQEl_nms2best/conv52_97!
[2026-09-26 14:24:37.940] [16510] [HailoRT] [info] [queue_elements.cpp:734] [run_in_thread] Shutdown event was signaled in run_pull of queue element PullQEl_nms5best/conv63_97!
[2026-09-26 14:24:37.940] [16509] [HailoRT] [info] [queue_elements.cpp:734] [run_in_thread] Shutdown event was signaled in run_pull of queue element PullQEl_nms8best/conv62_97!
[2026-09-26 14:24:37.940] [16506] [HailoRT] [info] [queue_elements.cpp:734] [run_in_thread] Shutdown event was signaled in run_pull of queue element PullQEl_nms3best/conv42_97!
[2026-09-26 14:24:37.940] [16508] [HailoRT] [info] [queue_elements.cpp:734] [run_in_thread] Shutdown event was signaled in run_pull of queue element PullQEl_nms1best/conv53_97!
[2026-09-26 14:24:37.940] [16511] [HailoRT] [info] [queue_elements.cpp:68] [operator()] Thread in element UserBufQEl_post_infer0best/yolov8_nms_postprocess is not running anymore, exiting..
[2026-09-26 14:24:37.940] [16495] [HailoRT] [info] [queue_elements.cpp:46] [~BaseQueueElement] Queue element UserBufQEl_post_infer0best/yolov8_nms_postprocess has 0 frames in his Queue on destruction
[2026-09-26 14:24:37.940] [16510] [HailoRT] [info] [queue_elements.cpp:68] [operator()] Thread in element PullQEl_nms5best/conv63_97 is not running anymore, exiting..
[2026-09-26 14:24:37.940] [16495] [HailoRT] [info] [queue_elements.cpp:46] [~BaseQueueElement] Queue element PullQEl_nms5best/conv63_97 has 0 frames in his Queue on destruction
[2026-09-26 14:24:37.940] [16509] [HailoRT] [info] [queue_elements.cpp:68] [operator()] Thread in element PullQEl_nms8best/conv62_97 is not running anymore, exiting..
[2026-09-26 14:24:37.940] [16495] [HailoRT] [info] [queue_elements.cpp:46] [~BaseQueueElement] Queue element PullQEl_nms8best/conv62_97 has 0 frames in his Queue on destruction
[2026-09-26 14:24:37.940] [16508] [HailoRT] [info] [queue_elements.cpp:68] [operator()] Thread in element PullQEl_nms1best/conv53_97 is not running anymore, exiting..
[2026-09-26 14:24:37.940] [16495] [HailoRT] [info] [queue_elements.cpp:46] [~BaseQueueElement] Queue element PullQEl_nms1best/conv53_97 has 0 frames in his Queue on destruction
[2026-09-26 14:24:37.940] [16507] [HailoRT] [info] [queue_elements.cpp:68] [operator()] Thread in element PullQEl_nms2best/conv52_97 is not running anymore, exiting..
[2026-09-26 14:24:37.940] [16495] [HailoRT] [info] [queue_elements.cpp:46] [~BaseQueueElement] Queue element PullQEl_nms2best/conv52_97 has 0 frames in his Queue on destruction
[2026-09-26 14:24:37.940] [16506] [HailoRT] [info] [queue_elements.cpp:68] [operator()] Thread in element PullQEl_nms3best/conv42_97 is not running anymore, exiting..
[2026-09-26 14:24:37.940] [16495] [HailoRT] [info] [queue_elements.cpp:46] [~BaseQueueElement] Queue element PullQEl_nms3best/conv42_97 has 0 frames in his Queue on destruction
[2026-09-26 14:24:37.940] [16505] [HailoRT] [info] [queue_elements.cpp:68] [operator()] Thread in element PullQEl_nms0best/conv41_97 is not running anymore, exiting..
[2026-09-26 14:24:37.940] [16495] [HailoRT] [info] [queue_elements.cpp:46] [~BaseQueueElement] Queue element PullQEl_nms0best/conv41_97 has 0 frames in his Queue on destruction
[2026-09-26 14:24:37.940] [16495] [HailoRT] [info] [queue_elements.cpp:46] [~BaseQueueElement] Queue element PushQEl3best/input_layer1 has 0 frames in his Queue on destruction
[2026-09-26 14:24:59.344] [17795] [HailoRT] [info] [vdevice.cpp:535] [create] Creating vdevice with params: device_count: 1, scheduling_algorithm: NONE, multi_process_service: false
[2026-09-26 14:24:59.356] [17795] [HailoRT] [info] [device.cpp:51] [Device] OS Version: Linux 6.18.50+rpt-rpi-2712 #1 SMP PREEMPT Debian 1:6.18.50-1+rpt1 (2026-09-11) aarch64
[2026-09-26 14:24:59.357] [17795] [HailoRT] [info] [control.cpp:113] [control__parse_identify_results] firmware_version is: 4.23.0
[2026-09-26 14:24:59.357] [17795] [HailoRT] [info] [vdevice.cpp:682] [create] VDevice Infos: 0001:01:00.0
[2026-09-26 14:24:59.357] [17795] [HailoRT] [warning] [device_internal.cpp:616] [check_hef_is_compatible] HEF was compiled for Hailo8L device, while the device itself is Hailo8. This will result in lower performance.
[2026-09-26 14:24:59.357] [17795] [HailoRT] [warning] [device_internal.cpp:616] [check_hef_is_compatible] HEF was compiled for Hailo8L device, while the device itself is Hailo8. This will result in lower performance.
[2026-09-26 14:24:59.366] [17795] [HailoRT] [info] [internal_buffer_manager.cpp:77] [print_execution_results] Planned internal buffer memory: CMA=0 CMA-Desc=655360 Pinned=2053120. memory to edge layer usage factor is 1
[2026-09-26 14:24:59.366] [17795] [HailoRT] [info] [internal_buffer_manager.cpp:86] [print_execution_results] Default Internal buffer planner executed successfully
[2026-09-26 14:24:59.391] [17795] [HailoRT] [info] [device_internal.cpp:57] [configure] Configuring HEF took 33.762622 milliseconds
[2026-09-26 14:24:59.391] [17795] [HailoRT] [info] [vdevice.cpp:780] [configure] Configuring HEF on VDevice took 34.436837 milliseconds
[2026-09-26 14:24:59.391] [17795] [HailoRT] [info] [hef.cpp:1994] [get_network_group_and_network_name] No name was given. Addressing all networks of default network_group: best
[2026-09-26 14:24:59.391] [17795] [HailoRT] [info] [edge_elements.cpp:52] [create] Created (HwWriteEl3best/input_layer1 | hw_frame_size: 1228800)
[2026-09-26 14:24:59.392] [17795] [HailoRT] [info] [queue_elements.cpp:284] [create] Created (PushQEl3best/input_layer1 | timeout: 10s)
[2026-09-26 14:24:59.392] [17795] [HailoRT] [info] [filter_elements.cpp:101] [create] Created (PreInferEl3best/input_layer1 | Reorder - src_order: NHWC, src_shape: (640, 640, 3), dst_order: NHCW, dst_shape: (640, 640, 3))
[2026-09-26 14:24:59.392] [17795] [HailoRT] [info] [vstream.cpp:754] [InputVStreamImpl] Creating best/input_layer1...
[2026-09-26 14:24:59.392] [17795] [HailoRT] [info] [vstream_builder.cpp:102] [create_inputs] Input pipeline 'best/input_layer1': (PreInferEl3best/input_layer1 | Reorder - src_order: NHWC, src_shape: (640, 640, 3), dst_order: NHCW, dst_shape: (640, 640, 3)) >> (PushQEl3best/input_layer1 | timeout: 10s) >> (HwWriteEl3best/input_layer1 | hw_frame_size: 1228800) >> HW
[2026-09-26 14:24:59.392] [17795] [HailoRT] [info] [multi_io_elements.cpp:135] [create] Created (NmsPPMuxEl0YOLOV8-Post-Process | Op YOLOV8, Name: YOLOV8-Post-Process, Score threshold: 0.250, IoU threshold: 0.70, Classes: 2, Max bboxes per class: 100, Image height: 640, Image width: 640)
[2026-09-26 14:24:59.392] [17795] [HailoRT] [info] [edge_elements.cpp:287] [create] Created (HwReadEl0best/conv41_97 | hw_frame_size: 409600)
[2026-09-26 14:24:59.392] [17795] [HailoRT] [info] [queue_elements.cpp:657] [create] Created (PullQEl_nms0best/conv41_97 | timeout: 10s)
[2026-09-26 14:24:59.392] [17795] [HailoRT] [info] [edge_elements.cpp:287] [create] Created (HwReadEl3best/conv42_97 | hw_frame_size: 12800)
[2026-09-26 14:24:59.392] [17795] [HailoRT] [info] [queue_elements.cpp:657] [create] Created (PullQEl_nms3best/conv42_97 | timeout: 10s)
[2026-09-26 14:24:59.392] [17795] [HailoRT] [info] [edge_elements.cpp:287] [create] Created (HwReadEl2best/conv52_97 | hw_frame_size: 102400)
[2026-09-26 14:24:59.392] [17795] [HailoRT] [info] [queue_elements.cpp:657] [create] Created (PullQEl_nms2best/conv52_97 | timeout: 10s)
[2026-09-26 14:24:59.392] [17795] [HailoRT] [info] [edge_elements.cpp:287] [create] Created (HwReadEl1best/conv53_97 | hw_frame_size: 3200)
[2026-09-26 14:24:59.392] [17795] [HailoRT] [info] [queue_elements.cpp:657] [create] Created (PullQEl_nms1best/conv53_97 | timeout: 10s)
[2026-09-26 14:24:59.392] [17795] [HailoRT] [info] [edge_elements.cpp:287] [create] Created (HwReadEl8best/conv62_97 | hw_frame_size: 30720)
[2026-09-26 14:24:59.392] [17795] [HailoRT] [info] [queue_elements.cpp:657] [create] Created (PullQEl_nms8best/conv62_97 | timeout: 10s)
[2026-09-26 14:24:59.392] [17795] [HailoRT] [info] [edge_elements.cpp:287] [create] Created (HwReadEl5best/conv63_97 | hw_frame_size: 960)
[2026-09-26 14:24:59.392] [17795] [HailoRT] [info] [queue_elements.cpp:657] [create] Created (PullQEl_nms5best/conv63_97 | timeout: 10s)
[2026-09-26 14:24:59.392] [17795] [HailoRT] [info] [queue_elements.cpp:800] [create] Created (UserBufQEl_post_infer0best/yolov8_nms_postprocess | timeout: 10s)
[2026-09-26 14:24:59.392] [17795] [HailoRT] [info] [vstream.cpp:1114] [OutputVStreamImpl] Creating best/yolov8_nms_postprocess...
[2026-09-26 14:24:59.392] [17795] [HailoRT] [info] [vstream_builder.cpp:622] [create_output_post_process_nms] Output pipeline 'best/yolov8_nms_postprocess': HW >> (HwReadEl0best/conv41_97 | hw_frame_size: 409600) >> (PullQEl_nms0best/conv41_97) >> (HwReadEl3best/conv42_97 | hw_frame_size: 12800) >> (PullQEl_nms3best/conv42_97) >> (HwReadEl2best/conv52_97 | hw_frame_size: 102400) >> (PullQEl_nms2best/conv52_97) >> (HwReadEl1best/conv53_97 | hw_frame_size: 3200) >> (PullQEl_nms1best/conv53_97) >> (HwReadEl8best/conv62_97 | hw_frame_size: 30720) >> (PullQEl_nms8best/conv62_97) >> (HwReadEl5best/conv63_97 | hw_frame_size: 960) >> (PullQEl_nms5best/conv63_97) >> (NmsPPMuxEl0YOLOV8-Post-Process | Op YOLOV8, Name: YOLOV8-Post-Process, Score threshold: 0.250, IoU threshold: 0.70, Classes: 2, Max bboxes per class: 100, Image height: 640, Image width: 640) >> (UserBufQEl_post_infer0best/yolov8_nms_postprocess | timeout: 10s)
[2026-09-26 14:24:59.393] [17795] [HailoRT] [info] [core_op.cpp:156] [activate] Activating best took 0.559646 milliseconds. Note that the function is asynchronous and thus the network is not fully activated yet.
[2026-09-26 14:24:59.393] [17795] [HailoRT] [info] [core_op.cpp:156] [activate] Activating best took 0.570424 milliseconds. Note that the function is asynchronous and thus the network is not fully activated yet.
[2026-09-26 14:25:15.480] [17808] [HailoRT] [info] [vdevice_native_stream.cpp:331] [read_impl] Failed read from stream HAILO_STREAM_NOT_ACTIVATED(72) (device: 0001:01:00.0)
[2026-09-26 14:25:15.480] [17807] [HailoRT] [info] [vdevice_native_stream.cpp:331] [read_impl] Failed read from stream HAILO_STREAM_NOT_ACTIVATED(72) (device: 0001:01:00.0)
[2026-09-26 14:25:15.480] [17810] [HailoRT] [info] [vdevice_native_stream.cpp:331] [read_impl] Failed read from stream HAILO_STREAM_NOT_ACTIVATED(72) (device: 0001:01:00.0)
[2026-09-26 14:25:15.480] [17809] [HailoRT] [info] [vdevice_native_stream.cpp:331] [read_impl] Failed read from stream HAILO_STREAM_NOT_ACTIVATED(72) (device: 0001:01:00.0)
[2026-09-26 14:25:15.480] [17811] [HailoRT] [info] [vdevice_native_stream.cpp:331] [read_impl] Failed read from stream HAILO_STREAM_NOT_ACTIVATED(72) (device: 0001:01:00.0)
[2026-09-26 14:25:15.480] [17812] [HailoRT] [info] [vdevice_native_stream.cpp:331] [read_impl] Failed read from stream HAILO_STREAM_NOT_ACTIVATED(72) (device: 0001:01:00.0)
[2026-09-26 14:25:15.480] [17795] [HailoRT] [info] [core_op.cpp:186] [deactivate] Deactivating took 0.498518 ms
[2026-09-26 14:25:15.480] [17795] [HailoRT] [info] [core_op.cpp:186] [deactivate] Deactivating took 0.512296 ms
[2026-09-26 14:25:15.481] [17807] [HailoRT] [info] [queue_elements.cpp:734] [run_in_thread] Shutdown event was signaled in run_pull of queue element PullQEl_nms0best/conv41_97!
[2026-09-26 14:25:15.481] [17808] [HailoRT] [info] [queue_elements.cpp:734] [run_in_thread] Shutdown event was signaled in run_pull of queue element PullQEl_nms3best/conv42_97!
[2026-09-26 14:25:15.481] [17809] [HailoRT] [info] [queue_elements.cpp:734] [run_in_thread] Shutdown event was signaled in run_pull of queue element PullQEl_nms2best/conv52_97!
[2026-09-26 14:25:15.481] [17812] [HailoRT] [info] [queue_elements.cpp:734] [run_in_thread] Shutdown event was signaled in run_pull of queue element PullQEl_nms5best/conv63_97!
[2026-09-26 14:25:15.481] [17811] [HailoRT] [info] [queue_elements.cpp:734] [run_in_thread] Shutdown event was signaled in run_pull of queue element PullQEl_nms8best/conv62_97!
[2026-09-26 14:25:15.481] [17810] [HailoRT] [info] [queue_elements.cpp:734] [run_in_thread] Shutdown event was signaled in run_pull of queue element PullQEl_nms1best/conv53_97!
[2026-09-26 14:25:15.481] [17813] [HailoRT] [info] [queue_elements.cpp:68] [operator()] Thread in element UserBufQEl_post_infer0best/yolov8_nms_postprocess is not running anymore, exiting..
[2026-09-26 14:25:15.481] [17795] [HailoRT] [info] [queue_elements.cpp:46] [~BaseQueueElement] Queue element UserBufQEl_post_infer0best/yolov8_nms_postprocess has 0 frames in his Queue on destruction
[2026-09-26 14:25:15.481] [17812] [HailoRT] [info] [queue_elements.cpp:68] [operator()] Thread in element PullQEl_nms5best/conv63_97 is not running anymore, exiting..
[2026-09-26 14:25:15.481] [17795] [HailoRT] [info] [queue_elements.cpp:46] [~BaseQueueElement] Queue element PullQEl_nms5best/conv63_97 has 0 frames in his Queue on destruction
[2026-09-26 14:25:15.481] [17811] [HailoRT] [info] [queue_elements.cpp:68] [operator()] Thread in element PullQEl_nms8best/conv62_97 is not running anymore, exiting..
[2026-09-26 14:25:15.481] [17795] [HailoRT] [info] [queue_elements.cpp:46] [~BaseQueueElement] Queue element PullQEl_nms8best/conv62_97 has 0 frames in his Queue on destruction
[2026-09-26 14:25:15.481] [17810] [HailoRT] [info] [queue_elements.cpp:68] [operator()] Thread in element PullQEl_nms1best/conv53_97 is not running anymore, exiting..
[2026-09-26 14:25:15.481] [17795] [HailoRT] [info] [queue_elements.cpp:46] [~BaseQueueElement] Queue element PullQEl_nms1best/conv53_97 has 0 frames in his Queue on destruction
[2026-09-26 14:25:15.481] [17809] [HailoRT] [info] [queue_elements.cpp:68] [operator()] Thread in element PullQEl_nms2best/conv52_97 is not running anymore, exiting..
[2026-09-26 14:25:15.481] [17795] [HailoRT] [info] [queue_elements.cpp:46] [~BaseQueueElement] Queue element PullQEl_nms2best/conv52_97 has 0 frames in his Queue on destruction
[2026-09-26 14:25:15.481] [17808] [HailoRT] [info] [queue_elements.cpp:68] [operator()] Thread in element PullQEl_nms3best/conv42_97 is not running anymore, exiting..
[2026-09-26 14:25:15.481] [17795] [HailoRT] [info] [queue_elements.cpp:46] [~BaseQueueElement] Queue element PullQEl_nms3best/conv42_97 has 0 frames in his Queue on destruction
[2026-09-26 14:25:15.481] [17807] [HailoRT] [info] [queue_elements.cpp:68] [operator()] Thread in element PullQEl_nms0best/conv41_97 is not running anymore, exiting..
[2026-09-26 14:25:15.481] [17795] [HailoRT] [info] [queue_elements.cpp:46] [~BaseQueueElement] Queue element PullQEl_nms0best/conv41_97 has 0 frames in his Queue on destruction
[2026-09-26 14:25:15.481] [17806] [HailoRT] [info] [queue_elements.cpp:68] [operator()] Thread in element PushQEl3best/input_layer1 is not running anymore, exiting..
[2026-09-26 14:25:15.481] [17795] [HailoRT] [info] [queue_elements.cpp:46] [~BaseQueueElement] Queue element PushQEl3best/input_layer1 has 0 frames in his Queue on destruction
[2026-09-26 14:26:19.675] [18943] [HailoRT] [info] [vdevice.cpp:535] [create] Creating vdevice with params: device_count: 1, scheduling_algorithm: NONE, multi_process_service: false
[2026-09-26 14:26:19.687] [18943] [HailoRT] [info] [device.cpp:51] [Device] OS Version: Linux 6.18.50+rpt-rpi-2712 #1 SMP PREEMPT Debian 1:6.18.50-1+rpt1 (2026-09-11) aarch64
[2026-09-26 14:26:19.688] [18943] [HailoRT] [info] [control.cpp:113] [control__parse_identify_results] firmware_version is: 4.23.0
[2026-09-26 14:26:19.688] [18943] [HailoRT] [info] [vdevice.cpp:682] [create] VDevice Infos: 0001:01:00.0
[2026-09-26 14:26:19.688] [18943] [HailoRT] [warning] [device_internal.cpp:616] [check_hef_is_compatible] HEF was compiled for Hailo8L device, while the device itself is Hailo8. This will result in lower performance.
[2026-09-26 14:26:19.689] [18943] [HailoRT] [warning] [device_internal.cpp:616] [check_hef_is_compatible] HEF was compiled for Hailo8L device, while the device itself is Hailo8. This will result in lower performance.
[2026-09-26 14:26:19.696] [18943] [HailoRT] [info] [internal_buffer_manager.cpp:77] [print_execution_results] Planned internal buffer memory: CMA=0 CMA-Desc=655360 Pinned=2053120. memory to edge layer usage factor is 1
[2026-09-26 14:26:19.696] [18943] [HailoRT] [info] [internal_buffer_manager.cpp:86] [print_execution_results] Default Internal buffer planner executed successfully
[2026-09-26 14:26:19.725] [18943] [HailoRT] [info] [device_internal.cpp:57] [configure] Configuring HEF took 37.171442 milliseconds
[2026-09-26 14:26:19.725] [18943] [HailoRT] [info] [vdevice.cpp:780] [configure] Configuring HEF on VDevice took 37.576778 milliseconds
[2026-09-26 14:26:19.726] [18943] [HailoRT] [info] [hef.cpp:1994] [get_network_group_and_network_name] No name was given. Addressing all networks of default network_group: best
[2026-09-26 14:26:19.726] [18943] [HailoRT] [info] [edge_elements.cpp:52] [create] Created (HwWriteEl3best/input_layer1 | hw_frame_size: 1228800)
[2026-09-26 14:26:19.726] [18943] [HailoRT] [info] [queue_elements.cpp:284] [create] Created (PushQEl3best/input_layer1 | timeout: 10s)
[2026-09-26 14:26:19.726] [18943] [HailoRT] [info] [filter_elements.cpp:101] [create] Created (PreInferEl3best/input_layer1 | Reorder - src_order: NHWC, src_shape: (640, 640, 3), dst_order: NHCW, dst_shape: (640, 640, 3))
[2026-09-26 14:26:19.726] [18943] [HailoRT] [info] [vstream.cpp:754] [InputVStreamImpl] Creating best/input_layer1...
[2026-09-26 14:26:19.726] [18943] [HailoRT] [info] [vstream_builder.cpp:102] [create_inputs] Input pipeline 'best/input_layer1': (PreInferEl3best/input_layer1 | Reorder - src_order: NHWC, src_shape: (640, 640, 3), dst_order: NHCW, dst_shape: (640, 640, 3)) >> (PushQEl3best/input_layer1 | timeout: 10s) >> (HwWriteEl3best/input_layer1 | hw_frame_size: 1228800) >> HW
[2026-09-26 14:26:19.726] [18943] [HailoRT] [info] [multi_io_elements.cpp:135] [create] Created (NmsPPMuxEl0YOLOV8-Post-Process | Op YOLOV8, Name: YOLOV8-Post-Process, Score threshold: 0.250, IoU threshold: 0.70, Classes: 2, Max bboxes per class: 100, Image height: 640, Image width: 640)
[2026-09-26 14:26:19.726] [18943] [HailoRT] [info] [edge_elements.cpp:287] [create] Created (HwReadEl0best/conv41_97 | hw_frame_size: 409600)
[2026-09-26 14:26:19.726] [18943] [HailoRT] [info] [queue_elements.cpp:657] [create] Created (PullQEl_nms0best/conv41_97 | timeout: 10s)
[2026-09-26 14:26:19.726] [18943] [HailoRT] [info] [edge_elements.cpp:287] [create] Created (HwReadEl3best/conv42_97 | hw_frame_size: 12800)
[2026-09-26 14:26:19.726] [18943] [HailoRT] [info] [queue_elements.cpp:657] [create] Created (PullQEl_nms3best/conv42_97 | timeout: 10s)
[2026-09-26 14:26:19.726] [18943] [HailoRT] [info] [edge_elements.cpp:287] [create] Created (HwReadEl2best/conv52_97 | hw_frame_size: 102400)
[2026-09-26 14:26:19.726] [18943] [HailoRT] [info] [queue_elements.cpp:657] [create] Created (PullQEl_nms2best/conv52_97 | timeout: 10s)
[2026-09-26 14:26:19.726] [18943] [HailoRT] [info] [edge_elements.cpp:287] [create] Created (HwReadEl1best/conv53_97 | hw_frame_size: 3200)
[2026-09-26 14:26:19.726] [18943] [HailoRT] [info] [queue_elements.cpp:657] [create] Created (PullQEl_nms1best/conv53_97 | timeout: 10s)
[2026-09-26 14:26:19.726] [18943] [HailoRT] [info] [edge_elements.cpp:287] [create] Created (HwReadEl8best/conv62_97 | hw_frame_size: 30720)
[2026-09-26 14:26:19.726] [18943] [HailoRT] [info] [queue_elements.cpp:657] [create] Created (PullQEl_nms8best/conv62_97 | timeout: 10s)
[2026-09-26 14:26:19.727] [18943] [HailoRT] [info] [edge_elements.cpp:287] [create] Created (HwReadEl5best/conv63_97 | hw_frame_size: 960)
[2026-09-26 14:26:19.727] [18943] [HailoRT] [info] [queue_elements.cpp:657] [create] Created (PullQEl_nms5best/conv63_97 | timeout: 10s)
[2026-09-26 14:26:19.727] [18943] [HailoRT] [info] [queue_elements.cpp:800] [create] Created (UserBufQEl_post_infer0best/yolov8_nms_postprocess | timeout: 10s)
[2026-09-26 14:26:19.727] [18943] [HailoRT] [info] [vstream.cpp:1114] [OutputVStreamImpl] Creating best/yolov8_nms_postprocess...
[2026-09-26 14:26:19.727] [18943][2026-09-26 14:26:52.835] [19018] [HailoRT] [info] [vdevice.cpp:535] [create] Creating vdevice with params: device_count: 1, scheduling_algorithm: NONE, multi_process_service: false
[2026-09-26 14:26:52.848] [19018] [HailoRT] [info] [device.cpp:51] [Device] OS Version: Linux 6.18.50+rpt-rpi-2712 #1 SMP PREEMPT Debian 1:6.18.50-1+rpt1 (2026-09-11) aarch64
[2026-09-26 14:26:52.848] [19018] [HailoRT] [info] [control.cpp:113] [control__parse_identify_results] firmware_version is: 4.23.0
[2026-09-26 14:26:52.848] [19018] [HailoRT] [info] [vdevice.cpp:682] [create] VDevice Infos: 0001:01:00.0
[2026-09-26 14:26:52.848] [19018] [HailoRT] [warning] [device_internal.cpp:616] [check_hef_is_compatible] HEF was compiled for Hailo8L device, while the device itself is Hailo8. This will result in lower performance.
[2026-09-26 14:26:52.849] [19018] [HailoRT] [warning] [device_internal.cpp:616] [check_hef_is_compatible] HEF was compiled for Hailo8L device, while the device itself is Hailo8. This will result in lower performance.
[2026-09-26 14:26:52.857] [19018] [HailoRT] [info] [internal_buffer_manager.cpp:77] [print_execution_results] Planned internal buffer memory: CMA=0 CMA-Desc=655360 Pinned=2053120. memory to edge layer usage factor is 1
[2026-09-26 14:26:52.857] [19018] [HailoRT] [info] [internal_buffer_manager.cpp:86] [print_execution_results] Default Internal buffer planner executed successfully
[2026-09-26 14:26:52.881] [19018] [HailoRT] [info] [device_internal.cpp:57] [configure] Configuring HEF took 32.908884 milliseconds
[2026-09-26 14:26:52.882] [19018] [HailoRT] [info] [vdevice.cpp:780] [configure] Configuring HEF on VDevice took 33.478213 milliseconds
[2026-09-26 14:26:52.882] [19018] [HailoRT] [info] [hef.cpp:1994] [get_network_group_and_network_name] No name was given. Addressing all networks of default network_group: best
[2026-09-26 14:26:52.882] [19018] [HailoRT] [info] [edge_elements.cpp:52] [create] Created (HwWriteEl3best/input_layer1 | hw_frame_size: 1228800)
[2026-09-26 14:26:52.882] [19018] [HailoRT] [info] [queue_elements.cpp:284] [create] Created (PushQEl3best/input_layer1 | timeout: 10s)
[2026-09-26 14:26:52.882] [19018] [HailoRT] [info] [filter_elements.cpp:101] [create] Created (PreInferEl3best/input_layer1 | Reorder - src_order: NHWC, src_shape: (640, 640, 3), dst_order: NHCW, dst_shape: (640, 640, 3))
[2026-09-26 14:26:52.882] [19018] [HailoRT] [info] [vstream.cpp:754] [InputVStreamImpl] Creating best/input_layer1...
[2026-09-26 14:26:52.882] [19018] [HailoRT] [info] [vstream_builder.cpp:102] [create_inputs] Input pipeline 'best/input_layer1': (PreInferEl3best/input_layer1 | Reorder - src_order: NHWC, src_shape: (640, 640, 3), dst_order: NHCW, dst_shape: (640, 640, 3)) >> (PushQEl3best/input_layer1 | timeout: 10s) >> (HwWriteEl3best/input_layer1 | hw_frame_size: 1228800) >> HW
[2026-09-26 14:26:52.882] [19018] [HailoRT] [info] [multi_io_elements.cpp:135] [create] Created (NmsPPMuxEl0YOLOV8-Post-Process | Op YOLOV8, Name: YOLOV8-Post-Process, Score threshold: 0.250, IoU threshold: 0.70, Classes: 2, Max bboxes per class: 100, Image height: 640, Image width: 640)
[2026-09-26 14:26:52.882] [19018] [HailoRT] [info] [edge_elements.cpp:287] [create] Created (HwReadEl0best/conv41_97 | hw_frame_size: 409600)
[2026-09-26 14:26:52.882] [19018] [HailoRT] [info] [queue_elements.cpp:657] [create] Created (PullQEl_nms0best/conv41_97 | timeout: 10s)
[2026-09-26 14:26:52.882] [19018] [HailoRT] [info] [edge_elements.cpp:287] [create] Created (HwReadEl3best/conv42_97 | hw_frame_size: 12800)
[2026-09-26 14:26:52.882] [19018] [HailoRT] [info] [queue_elements.cpp:657] [create] Created (PullQEl_nms3best/conv42_97 | timeout: 10s)
[2026-09-26 14:26:52.882] [19018] [HailoRT] [info] [edge_elements.cpp:287] [create] Created (HwReadEl2best/conv52_97 | hw_frame_size: 102400)
[2026-09-26 14:26:52.882] [19018] [HailoRT] [info] [queue_elements.cpp:657] [create] Created (PullQEl_nms2best/conv52_97 | timeout: 10s)
[2026-09-26 14:26:52.882] [19018] [HailoRT] [info] [edge_elements.cpp:287] [create] Created (HwReadEl1best/conv53_97 | hw_frame_size: 3200)
[2026-09-26 14:26:52.882] [19018] [HailoRT] [info] [queue_elements.cpp:657] [create] Created (PullQEl_nms1best/conv53_97 | timeout: 10s)
[2026-09-26 14:26:52.882] [19018] [HailoRT] [info] [edge_elements.cpp:287] [create] Created (HwReadEl8best/conv62_97 | hw_frame_size: 30720)
[2026-09-26 14:26:52.882] [19018] [HailoRT] [info] [queue_elements.cpp:657] [create] Created (PullQEl_nms8best/conv62_97 | timeout: 10s)
[2026-09-26 14:26:52.882] [19018] [HailoRT] [info] [edge_elements.cpp:287] [create] Created (HwReadEl5best/conv63_97 | hw_frame_size: 960)
[2026-09-26 14:26:52.882] [19018] [HailoRT] [info] [queue_elements.cpp:657] [create] Created (PullQEl_nms5best/conv63_97 | timeout: 10s)
[2026-09-26 14:26:52.883] [19018] [HailoRT] [info] [queue_elements.cpp:800] [create] Created (UserBufQEl_post_infer0best/yolov8_nms_postprocess | timeout: 10s)
[2026-09-26 14:26:52.883] [19018] [HailoRT] [info] [vstream.cpp:1114] [OutputVStreamImpl] Creating best/yolov8_nms_postprocess...
[2026-09-26 14:26:52.883] [19018][2026-09-26 14:28:03.705] [19139] [HailoRT] [info] [vdevice.cpp:535] [create] Creating vdevice with params: device_count: 1, scheduling_algorithm: NONE, multi_process_service: false
[2026-09-26 14:28:03.717] [19139] [HailoRT] [info] [device.cpp:51] [Device] OS Version: Linux 6.18.50+rpt-rpi-2712 #1 SMP PREEMPT Debian 1:6.18.50-1+rpt1 (2026-09-11) aarch64
[2026-09-26 14:28:03.717] [19139] [HailoRT] [info] [control.cpp:113] [control__parse_identify_results] firmware_version is: 4.23.0
[2026-09-26 14:28:03.717] [19139] [HailoRT] [info] [vdevice.cpp:682] [create] VDevice Infos: 0001:01:00.0
[2026-09-26 14:28:03.717] [19139] [HailoRT] [warning] [device_internal.cpp:616] [check_hef_is_compatible] HEF was compiled for Hailo8L device, while the device itself is Hailo8. This will result in lower performance.
[2026-09-26 14:28:03.717] [19139] [HailoRT] [warning] [device_internal.cpp:616] [check_hef_is_compatible] HEF was compiled for Hailo8L device, while the device itself is Hailo8. This will result in lower performance.
[2026-09-26 14:28:03.724] [19139] [HailoRT] [info] [internal_buffer_manager.cpp:77] [print_execution_results] Planned internal buffer memory: CMA=0 CMA-Desc=655360 Pinned=2053120. memory to edge layer usage factor is 1
[2026-09-26 14:28:03.724] [19139] [HailoRT] [info] [internal_buffer_manager.cpp:86] [print_execution_results] Default Internal buffer planner executed successfully
[2026-09-26 14:28:03.756] [19139] [HailoRT] [info] [device_internal.cpp:57] [configure] Configuring HEF took 38.562244 milliseconds
[2026-09-26 14:28:03.756] [19139] [HailoRT] [info] [vdevice.cpp:780] [configure] Configuring HEF on VDevice took 38.939507 milliseconds
[2026-09-26 14:28:03.756] [19139] [HailoRT] [info] [hef.cpp:1994] [get_network_group_and_network_name] No name was given. Addressing all networks of default network_group: best
[2026-09-26 14:28:03.756] [19139] [HailoRT] [info] [edge_elements.cpp:52] [create] Created (HwWriteEl3best/input_layer1 | hw_frame_size: 1228800)
[2026-09-26 14:28:03.756] [19139] [HailoRT] [info] [queue_elements.cpp:284] [create] Created (PushQEl3best/input_layer1 | timeout: 10s)
[2026-09-26 14:28:03.756] [19139] [HailoRT] [info] [filter_elements.cpp:101] [create] Created (PreInferEl3best/input_layer1 | Reorder - src_order: NHWC, src_shape: (640, 640, 3), dst_order: NHCW, dst_shape: (640, 640, 3))
[2026-09-26 14:28:03.756] [19139] [HailoRT] [info] [vstream.cpp:754] [InputVStreamImpl] Creating best/input_layer1...
[2026-09-26 14:28:03.756] [19139] [HailoRT] [info] [vstream_builder.cpp:102] [create_inputs] Input pipeline 'best/input_layer1': (PreInferEl3best/input_layer1 | Reorder - src_order: NHWC, src_shape: (640, 640, 3), dst_order: NHCW, dst_shape: (640, 640, 3)) >> (PushQEl3best/input_layer1 | timeout: 10s) >> (HwWriteEl3best/input_layer1 | hw_frame_size: 1228800) >> HW
[2026-09-26 14:28:03.756] [19139] [HailoRT] [info] [multi_io_elements.cpp:135] [create] Created (NmsPPMuxEl0YOLOV8-Post-Process | Op YOLOV8, Name: YOLOV8-Post-Process, Score threshold: 0.250, IoU threshold: 0.70, Classes: 2, Max bboxes per class: 100, Image height: 640, Image width: 640)
[2026-09-26 14:28:03.756] [19139] [HailoRT] [info] [edge_elements.cpp:287] [create] Created (HwReadEl0best/conv41_97 | hw_frame_size: 409600)
[2026-09-26 14:28:03.756] [19139] [HailoRT] [info] [queue_elements.cpp:657] [create] Created (PullQEl_nms0best/conv41_97 | timeout: 10s)
[2026-09-26 14:28:03.756] [19139] [HailoRT] [info] [edge_elements.cpp:287] [create] Created (HwReadEl3best/conv42_97 | hw_frame_size: 12800)
[2026-09-26 14:28:03.757] [19139] [HailoRT] [info] [queue_elements.cpp:657] [create] Created (PullQEl_nms3best/conv42_97 | timeout: 10s)
[2026-09-26 14:28:03.757] [19139] [HailoRT] [info] [edge_elements.cpp:287] [create] Created (HwReadEl2best/conv52_97 | hw_frame_size: 102400)
[2026-09-26 14:28:03.757] [19139] [HailoRT] [info] [queue_elements.cpp:657] [create] Created (PullQEl_nms2best/conv52_97 | timeout: 10s)
[2026-09-26 14:28:03.757] [19139] [HailoRT] [info] [edge_elements.cpp:287] [create] Created (HwReadEl1best/conv53_97 | hw_frame_size: 3200)
[2026-09-26 14:28:03.757] [19139] [HailoRT] [info] [queue_elements.cpp:657] [create] Created (PullQEl_nms1best/conv53_97 | timeout: 10s)
[2026-09-26 14:28:03.757] [19139] [HailoRT] [info] [edge_elements.cpp:287] [create] Created (HwReadEl8best/conv62_97 | hw_frame_size: 30720)
[2026-09-26 14:28:03.757] [19139] [HailoRT] [info] [queue_elements.cpp:657] [create] Created (PullQEl_nms8best/conv62_97 | timeout: 10s)
[2026-09-26 14:28:03.757] [19139] [HailoRT] [info] [edge_elements.cpp:287] [create] Created (HwReadEl5best/conv63_97 | hw_frame_size: 960)
[2026-09-26 14:28:03.757] [19139] [HailoRT] [info] [queue_elements.cpp:657] [create] Created (PullQEl_nms5best/conv63_97 | timeout: 10s)
[2026-09-26 14:28:03.757] [19139] [HailoRT] [info] [queue_elements.cpp:800] [create] Created (UserBufQEl_post_infer0best/yolov8_nms_postprocess | timeout: 10s)
[2026-09-26 14:28:03.757] [19139] [HailoRT] [info] [vstream.cpp:1114] [OutputVStreamImpl] Creating best/yolov8_nms_postprocess...
[2026-09-26 14:28:03.757] [19139] [HailoRT] [info] [vstream_builder.cpp:622] [create_output_post_process_nms] Output pipeline 'best/yolov8_nms_postprocess': HW >> (HwReadEl0best/conv41_97 | hw_frame_size: 409600) >> (PullQEl_nms0best/conv41_97) >> (HwReadEl3best/conv42_97 | hw_frame_size: 12800) >> (PullQEl_nms3best/conv42_97) >> (HwReadEl2best/conv52_97 | hw_frame_size: 102400) >> (PullQEl_nms2best/conv52_97) >> (HwReadEl1best/conv53_97 | hw_frame_size: 3200) >> (PullQEl_nms1best/conv53_97) >> (HwReadEl8best/conv62_97 | hw_frame_size: 30720) >> (PullQEl_nms8best/conv62_97) >> (HwReadEl5best/conv63_97 | hw_frame_size: 960) >> (PullQEl_nms5best/conv63_97) >> (NmsPPMuxEl0YOLOV8-Post-Process | Op YOLOV8, Name: YOLOV8-Post-Process, Score threshold: 0.250, IoU threshold: 0.70, Classes: 2, Max bboxes per class: 100, Image height: 640, Image width: 640) >> (UserBufQEl_post_infer0best/yolov8_nms_postprocess | timeout: 10s)
[2026-09-26 14:28:03.758] [19139] [HailoRT] [info] [core_op.cpp:156] [activate] Activating best took 0.524739 milliseconds. Note that the function is asynchronous and thus the network is not fully activated yet.
[2026-09-26 14:28:03.758] [19139] [HailoRT] [info] [core_op.cpp:156] [activate] Activating best took 0.534812 milliseconds. Note that the function is asynchronous and thus the network is not fully activated yet.
[2026-09-26 14:28:52.406] [19150] [HailoRT] [info] [vdevice_native_stream.cpp:331] [read_impl] Failed read from stream HAILO_STREAM_NOT_ACTIVATED(72) (device: 0001:01:00.0)
[2026-09-26 14:28:52.406] [19151] [HailoRT] [info] [vdevice_native_stream.cpp:331] [read_impl] Failed read from stream HAILO_STREAM_NOT_ACTIVATED(72) (device: 0001:01:00.0)
[2026-09-26 14:28:52.406] [19152] [HailoRT] [info] [vdevice_native_stream.cpp:331] [read_impl] Failed read from stream HAILO_STREAM_NOT_ACTIVATED(72) (device: 0001:01:00.0)
[2026-09-26 14:28:52.406] [19153] [HailoRT] [info] [vdevice_native_stream.cpp:331] [read_impl] Failed read from stream HAILO_STREAM_NOT_ACTIVATED(72) (device: 0001:01:00.0)
[2026-09-26 14:28:52.406] [19154] [HailoRT] [info] [vdevice_native_stream.cpp:331] [read_impl] Failed read from stream HAILO_STREAM_NOT_ACTIVATED(72) (device: 0001:01:00.0)
[2026-09-26 14:28:52.406] [19149] [HailoRT] [info] [vdevice_native_stream.cpp:331] [read_impl] Failed read from stream HAILO_STREAM_NOT_ACTIVATED(72) (device: 0001:01:00.0)
[2026-09-26 14:28:52.407] [19139] [HailoRT] [info] [core_op.cpp:186] [deactivate] Deactivating took 0.492147 ms
[2026-09-26 14:28:52.407] [19139] [HailoRT] [info] [core_op.cpp:186] [deactivate] Deactivating took 0.509554 ms
[2026-09-26 14:28:52.407] [19153] [HailoRT] [info] [queue_elements.cpp:734] [run_in_thread] Shutdown event was signaled in run_pull of queue element PullQEl_nms8best/conv62_97!
[2026-09-26 14:28:52.407] [19151] [HailoRT] [info] [queue_elements.cpp:734] [run_in_thread] Shutdown event was signaled in run_pull of queue element PullQEl_nms2best/conv52_97!
[2026-09-26 14:28:52.407] [19154] [HailoRT] [info] [queue_elements.cpp:734] [run_in_thread] Shutdown event was signaled in run_pull of queue element PullQEl_nms5best/conv63_97!
[2026-09-26 14:28:52.407] [19152] [HailoRT] [info] [queue_elements.cpp:734] [run_in_thread] Shutdown event was signaled in run_pull of queue element PullQEl_nms1best/conv53_97!
[2026-09-26 14:28:52.407] [19150] [HailoRT] [info] [queue_elements.cpp:734] [run_in_thread] Shutdown event was signaled in run_pull of queue element PullQEl_nms3best/conv42_97!
[2026-09-26 14:28:52.407] [19149] [HailoRT] [info] [queue_elements.cpp:734] [run_in_thread] Shutdown event was signaled in run_pull of queue element PullQEl_nms0best/conv41_97!
[2026-09-26 14:28:52.407] [19155] [HailoRT] [info] [queue_elements.cpp:68] [operator()] Thread in element UserBufQEl_post_infer0best/yolov8_nms_postprocess is not running anymore, exiting..
[2026-09-26 14:28:52.407] [19139] [HailoRT] [info] [queue_elements.cpp:46] [~BaseQueueElement] Queue element UserBufQEl_post_infer0best/yolov8_nms_postprocess has 0 frames in his Queue on destruction
[2026-09-26 14:28:52.407] [19154] [HailoRT] [info] [queue_elements.cpp:68] [operator()] Thread in element PullQEl_nms5best/conv63_97 is not running anymore, exiting..
[2026-09-26 14:28:52.407] [19139] [HailoRT] [info] [queue_elements.cpp:46] [~BaseQueueElement] Queue element PullQEl_nms5best/conv63_97 has 0 frames in his Queue on destruction
[2026-09-26 14:28:52.407] [19153] [HailoRT] [info] [queue_elements.cpp:68] [operator()] Thread in element PullQEl_nms8best/conv62_97 is not running anymore, exiting..
[2026-09-26 14:28:52.407] [19139] [HailoRT] [info] [queue_elements.cpp:46] [~BaseQueueElement] Queue element PullQEl_nms8best/conv62_97 has 0 frames in his Queue on destruction
[2026-09-26 14:28:52.407] [19152] [HailoRT] [info] [queue_elements.cpp:68] [operator()] Thread in element PullQEl_nms1best/conv53_97 is not running anymore, exiting..
[2026-09-26 14:28:52.407] [19139] [HailoRT] [info] [queue_elements.cpp:46] [~BaseQueueElement] Queue element PullQEl_nms1best/conv53_97 has 0 frames in his Queue on destruction
[2026-09-26 14:28:52.407] [19151] [HailoRT] [info] [queue_elements.cpp:68] [operator()] Thread in element PullQEl_nms2best/conv52_97 is not running anymore, exiting..
[2026-09-26 14:28:52.407] [19139] [HailoRT] [info] [queue_elements.cpp:46] [~BaseQueueElement] Queue element PullQEl_nms2best/conv52_97 has 0 frames in his Queue on destruction
[2026-09-26 14:28:52.407] [19150] [HailoRT] [info] [queue_elements.cpp:68] [operator()] Thread in element PullQEl_nms3best/conv42_97 is not running anymore, exiting..
[2026-09-26 14:28:52.407] [19139] [HailoRT] [info] [queue_elements.cpp:46] [~BaseQueueElement] Queue element PullQEl_nms3best/conv42_97 has 0 frames in his Queue on destruction
[2026-09-26 14:28:52.408] [19149] [HailoRT] [info] [queue_elements.cpp:68] [operator()] Thread in element PullQEl_nms0best/conv41_97 is not running anymore, exiting..
[2026-09-26 14:28:52.408] [19139] [HailoRT] [info] [queue_elements.cpp:46] [~BaseQueueElement] Queue element PullQEl_nms0best/conv41_97 has 0 frames in his Queue on destruction
[2026-09-26 14:28:52.408] [19148] [HailoRT] [info] [queue_elements.cpp:68] [operator()] Thread in element PushQEl3best/input_layer1 is not running anymore, exiting..
[2026-09-26 14:28:52.408] [19139] [HailoRT] [info] [queue_elements.cpp:46] [~BaseQueueElement] Queue element PushQEl3best/input_layer1 has 0 frames in his Queue on destruction
